date,type,ticker,nom,quantite,prix,frais
2017-01-16,ACHAT,0700.HK,Tencent,230,181.33,5.06
2017-01-16,ACHAT,4GLD.DE,Xetra-Gold (or physique),695,36.51,25.37
2017-01-16,ACHAT,6861.T,Keyence,39,20902.50,6.72
2017-01-16,ACHAT,7203.T,Toyota,601,1365.40,6.76
2017-01-16,ACHAT,8306.T,Mitsubishi UFJ,1131,726.00,6.76
2017-01-16,ACHAT,AAPL,Apple,339,29.76,9.49
2017-01-16,ACHAT,AI.PA,Air Liquide,105,63.89,6.71
2017-01-16,ACHAT,ALV.DE,Allianz,42,159.75,6.71
2017-01-16,ACHAT,AMZN,Amazon,247,40.86,9.49
2017-01-16,ACHAT,ASML.AS,ASML,62,107.80,6.68
2017-01-16,ACHAT,AZN.L,AstraZeneca,130,4575.50,6.74
2017-01-16,ACHAT,BHP.AX,BHP,301,23.84,5.06
2017-01-16,ACHAT,CAT,Caterpillar,107,94.48,9.51
2017-01-16,ACHAT,CNQ.TO,Canadian Natural Resources,351,20.16,5.07
2017-01-16,ACHAT,EMB,iShares J.P. Morgan USD Emerging Markets Bond,144,112.16,15.20
2017-01-16,ACHAT,EUN5.DE,iShares Core € Corp Bond,236,128.62,30.35
2017-01-16,ACHAT,EUNH.DE,iShares Core € Govt Bond,332,121.99,40.50
2017-01-16,ACHAT,EUNW.DE,iShares € High Yield Corp Bond,94,106.97,10.06
2017-01-16,ACHAT,GOOGL,Alphabet,243,41.55,9.50
2017-01-16,ACHAT,HSBA.L,HSBC,878,680.30,6.77
2017-01-16,ACHAT,IBCA.DE,iShares € Govt Bond 1-3 ans,140,144.29,20.20
2017-01-16,ACHAT,IBCI.DE,iShares € Inflation Linked Govt Bond,74,205.28,15.19
2017-01-16,ACHAT,IBE.MC,Iberdrola,1122,6.03,6.77
2017-01-16,ACHAT,IEF,iShares 7-10 Year Treasury Bond,153,105.39,15.17
2017-01-16,ACHAT,INFY,Infosys (ADR),1116,7.25,7.61
2017-01-16,ACHAT,JNJ,Johnson & Johnson,88,114.60,9.49
2017-01-16,ACHAT,JPM,JPMorgan Chase,116,86.70,9.46
2017-01-16,ACHAT,KO,Coca-Cola,247,40.88,9.50
2017-01-16,ACHAT,LIN,Linde,86,117.08,9.47
2017-01-16,ACHAT,LQD,iShares iBoxx $ Investment Grade Corporate Bond,91,117.78,10.08
2017-01-16,ACHAT,MC.PA,LVMH,36,187.55,6.75
2017-01-16,ACHAT,MSFT,Microsoft,161,62.70,9.50
2017-01-16,ACHAT,NEE,NextEra Energy,339,29.76,9.49
2017-01-16,ACHAT,NESN.SW,Nestlé,110,74.05,7.59
2017-01-16,ACHAT,NVDA,Nvidia,3912,2.59,9.52
2017-01-16,ACHAT,PG,Procter & Gamble,120,84.01,9.48
2017-01-16,ACHAT,PLD,Prologis,193,52.30,9.50
2017-01-16,ACHAT,RY.TO,Royal Bank of Canada,75,94.27,5.07
2017-01-16,ACHAT,SAN.PA,Sanofi,88,76.39,6.72
2017-01-16,ACHAT,SAP.DE,SAP,80,83.73,6.70
2017-01-16,ACHAT,SU.PA,Schneider Electric,100,67.37,6.74
2017-01-16,ACHAT,TIP,iShares TIPS Bond,94,113.98,10.08
2017-01-16,ACHAT,TLT,iShares 20+ Year Treasury Bond,88,121.31,10.04
2017-01-16,ACHAT,TSM,Taiwan Semiconductor (ADR),274,29.44,7.59
2017-01-16,ACHAT,TTE.PA,TotalEnergies,139,48.46,6.74
2017-01-16,ACHAT,ULVR.L,Unilever,164,3638.83,6.76
2017-01-16,ACHAT,UNH,UnitedHealth,62,161.80,9.44
2017-01-16,ACHAT,V,Visa,124,81.17,9.47
2017-01-16,ACHAT,XOM,ExxonMobil,117,86.35,9.51
2017-01-18,DIVIDENDE,CAT,Caterpillar,0,82.39,0.00
2017-01-18,DIVIDENDE,PG,Procter & Gamble,0,80.40,0.00
2017-01-24,DIVIDENDE,RY.TO,Royal Bank of Canada,0,62.25,0.00
2017-02-01,DIVIDENDE,EMB,iShares J.P. Morgan USD Emerging Markets Bond,0,63.65,0.00
2017-02-01,DIVIDENDE,IEF,iShares 7-10 Year Treasury Bond,0,24.33,0.00
2017-02-01,DIVIDENDE,LQD,iShares iBoxx $ Investment Grade Corporate Bond,0,28.76,0.00
2017-02-01,DIVIDENDE,TLT,iShares 20+ Year Treasury Bond,0,22.79,0.00
2017-02-08,DIVIDENDE,XOM,ExxonMobil,0,87.75,0.00
2017-02-09,DIVIDENDE,AAPL,Apple,0,48.31,0.00
2017-02-09,DIVIDENDE,ULVR.L,Unilever,0,5106.96,0.00
2017-02-14,DIVIDENDE,MSFT,Microsoft,0,62.79,0.00
2017-02-15,DIVIDENDE,V,Visa,0,20.46,0.00
2017-02-16,DIVIDENDE,AZN.L,AstraZeneca,0,19526.00,0.00
2017-02-22,DIVIDENDE,NVDA,Nvidia,0,13.69,0.00
2017-02-23,DIVIDENDE,HSBA.L,HSBC,0,14641.27,0.00
2017-02-24,DIVIDENDE,JNJ,Johnson & Johnson,0,70.40,0.00
2017-02-24,DIVIDENDE,NEE,NextEra Energy,0,83.31,0.00
2017-03-01,DIVIDENDE,EMB,iShares J.P. Morgan USD Emerging Markets Bond,0,63.50,0.00
2017-03-01,DIVIDENDE,IEF,iShares 7-10 Year Treasury Bond,0,22.18,0.00
2017-03-01,DIVIDENDE,LQD,iShares iBoxx $ Investment Grade Corporate Bond,0,29.21,0.00
2017-03-01,DIVIDENDE,TLT,iShares 20+ Year Treasury Bond,0,20.59,0.00
2017-03-03,DIVIDENDE,LIN,Linde,0,67.77,0.00
2017-03-08,DIVIDENDE,UNH,UnitedHealth,0,38.75,0.00
2017-03-09,DIVIDENDE,BHP.AX,BHP,0,160.06,0.00
2017-03-13,DIVIDENDE,KO,Coca-Cola,0,91.39,0.00
2017-03-13,DIVIDENDE,PLD,Prologis,0,84.92,0.00
2017-03-15,DIVIDENDE,6861.T,Keyence,0,1462.50,0.00
2017-03-15,DIVIDENDE,CNQ.TO,Canadian Natural Resources,0,47.27,0.00
2017-03-16,DIVIDENDE,EUNW.DE,iShares € High Yield Corp Bond,0,187.48,0.00
2017-03-20,DIVIDENDE,TTE.PA,TotalEnergies,0,84.79,0.00
2017-03-29,DIVIDENDE,7203.T,Toyota,0,13222.00,0.00
2017-03-29,DIVIDENDE,8306.T,Mitsubishi UFJ,0,10179.00,0.00
2017-04-03,ACHAT,7203.T,Toyota,94,1209.20,5.00
2017-04-03,ACHAT,BHP.AX,BHP,46,21.37,5.00
2017-04-03,DIVIDENDE,EMB,iShares J.P. Morgan USD Emerging Markets Bond,0,62.93,0.00
2017-04-03,DIVIDENDE,IEF,iShares 7-10 Year Treasury Bond,0,24.33,0.00
2017-04-03,DIVIDENDE,LQD,iShares iBoxx $ Investment Grade Corporate Bond,0,28.94,0.00
2017-04-03,DIVIDENDE,TIP,iShares TIPS Bond,0,14.57,0.00
2017-04-03,DIVIDENDE,TLT,iShares 20+ Year Treasury Bond,0,22.44,0.00
2017-04-03,VENTE,AAPL,Apple,42,35.92,5.00
2017-04-03,VENTE,ULVR.L,Unilever,20,4194.41,5.00
2017-04-04,DIVIDENDE,JPM,JPMorgan Chase,0,58.00,0.00
2017-04-10,DIVIDENDE,NESN.SW,Nestlé,0,253.00,0.00
2017-04-19,DIVIDENDE,MC.PA,LVMH,0,93.60,0.00
2017-04-19,DIVIDENDE,PG,Procter & Gamble,0,82.80,0.00
2017-04-20,DIVIDENDE,CAT,Caterpillar,0,82.39,0.00
2017-04-21,DIVIDENDE,RY.TO,Royal Bank of Canada,0,65.25,0.00
2017-04-28,DIVIDENDE,ASML.AS,ASML,0,74.40,0.00
2017-05-01,DIVIDENDE,EMB,iShares J.P. Morgan USD Emerging Markets Bond,0,63.94,0.00
2017-05-01,DIVIDENDE,IEF,iShares 7-10 Year Treasury Bond,0,24.48,0.00
2017-05-01,DIVIDENDE,LQD,iShares iBoxx $ Investment Grade Corporate Bond,0,29.30,0.00
2017-05-01,DIVIDENDE,TIP,iShares TIPS Bond,0,26.70,0.00
2017-05-01,DIVIDENDE,TLT,iShares 20+ Year Treasury Bond,0,22.44,0.00
2017-05-04,DIVIDENDE,ALV.DE,Allianz,0,319.20,0.00
2017-05-04,DIVIDENDE,ULVR.L,Unilever,0,4894.03,0.00
2017-05-08,DIVIDENDE,SU.PA,Schneider Electric,0,204.00,0.00
2017-05-10,DIVIDENDE,XOM,ExxonMobil,0,90.09,0.00
2017-05-11,DIVIDENDE,AAPL,Apple,0,46.78,0.00
2017-05-11,DIVIDENDE,SAP.DE,SAP,0,100.00,0.00
2017-05-15,DIVIDENDE,AI.PA,Air Liquide,0,169.51,0.00
2017-05-16,DIVIDENDE,MSFT,Microsoft,0,62.79,0.00
2017-05-16,DIVIDENDE,SAN.PA,Sanofi,0,260.48,0.00
2017-05-17,DIVIDENDE,V,Visa,0,20.46,0.00
2017-05-18,DIVIDENDE,HSBA.L,HSBC,0,6904.24,0.00
2017-05-19,DIVIDENDE,0700.HK,Tencent,0,140.30,0.00
2017-05-19,DIVIDENDE,NVDA,Nvidia,0,13.69,0.00
2017-05-25,DIVIDENDE,JNJ,Johnson & Johnson,0,73.92,0.00
2017-05-25,DIVIDENDE,NEE,NextEra Energy,0,83.31,0.00
2017-05-31,DIVIDENDE,INFY,Infosys (ADR),0,128.34,0.00
2017-06-01,DIVIDENDE,EMB,iShares J.P. Morgan USD Emerging Markets Bond,0,63.94,0.00
2017-06-01,DIVIDENDE,IEF,iShares 7-10 Year Treasury Bond,0,25.09,0.00
2017-06-01,DIVIDENDE,LQD,iShares iBoxx $ Investment Grade Corporate Bond,0,28.76,0.00
2017-06-01,DIVIDENDE,TIP,iShares TIPS Bond,0,24.25,0.00
2017-06-01,DIVIDENDE,TLT,iShares 20+ Year Treasury Bond,0,23.14,0.00
2017-06-05,DIVIDENDE,LIN,Linde,0,67.77,0.00
2017-06-05,DIVIDENDE,TTE.PA,TotalEnergies,0,86.18,0.00
2017-06-12,DIVIDENDE,PLD,Prologis,0,84.92,0.00
2017-06-13,DIVIDENDE,KO,Coca-Cola,0,91.39,0.00
2017-06-14,DIVIDENDE,CNQ.TO,Canadian Natural Resources,0,47.27,0.00
2017-06-15,DIVIDENDE,UNH,UnitedHealth,0,46.50,0.00
2017-06-26,DIVIDENDE,TSM,Taiwan Semiconductor (ADR),0,317.57,0.00
2017-07-03,ACHAT,CNQ.TO,Canadian Natural Resources,74,18.33,5.00
2017-07-03,ACHAT,IEF,iShares 7-10 Year Treasury Bond,17,106.06,5.00
2017-07-03,ACHAT,TIP,iShares TIPS Bond,12,112.93,5.00
2017-07-03,ACHAT,TTE.PA,TotalEnergies,20,44.15,5.00
2017-07-03,ACHAT,XOM,ExxonMobil,20,82.10,5.00
2017-07-03,DIVIDENDE,EMB,iShares J.P. Morgan USD Emerging Markets Bond,0,63.79,0.00
2017-07-03,DIVIDENDE,IEF,iShares 7-10 Year Treasury Bond,0,24.33,0.00
2017-07-03,DIVIDENDE,JPM,JPMorgan Chase,0,58.00,0.00
2017-07-03,DIVIDENDE,LQD,iShares iBoxx $ Investment Grade Corporate Bond,0,29.12,0.00
2017-07-03,DIVIDENDE,TIP,iShares TIPS Bond,0,27.45,0.00
2017-07-03,DIVIDENDE,TLT,iShares 20+ Year Treasury Bond,0,22.70,0.00
2017-07-03,VENTE,0700.HK,Tencent,48,258.86,5.00
2017-07-03,VENTE,IBE.MC,Iberdrola,109,6.94,5.00
2017-07-03,VENTE,MC.PA,LVMH,4,220.95,5.00
2017-07-03,VENTE,NVDA,Nvidia,673,3.48,5.00
2017-07-05,DIVIDENDE,IBE.MC,Iberdrola,0,179.30,0.00
2017-07-13,DIVIDENDE,EUN5.DE,iShares Core € Corp Bond,0,231.96,0.00
2017-07-13,DIVIDENDE,EUNH.DE,iShares Core € Govt Bond,0,134.49,0.00
2017-07-18,DIVIDENDE,CAT,Caterpillar,0,83.46,0.00
2017-07-19,DIVIDENDE,PG,Procter & Gamble,0,82.80,0.00
2017-07-24,DIVIDENDE,RY.TO,Royal Bank of Canada,0,65.25,0.00
2017-08-01,DIVIDENDE,EMB,iShares J.P. Morgan USD Emerging Markets Bond,0,65.38,0.00
2017-08-01,DIVIDENDE,IEF,iShares 7-10 Year Treasury Bond,0,28.05,0.00
2017-08-01,DIVIDENDE,LQD,iShares iBoxx $ Investment Grade Corporate Bond,0,28.94,0.00
2017-08-01,DIVIDENDE,TIP,iShares TIPS Bond,0,23.00,0.00
2017-08-01,DIVIDENDE,TLT,iShares 20+ Year Treasury Bond,0,23.67,0.00
2017-08-03,DIVIDENDE,HSBA.L,HSBC,0,6652.61,0.00
2017-08-03,DIVIDENDE,ULVR.L,Unilever,0,5156.47,0.00
2017-08-10,DIVIDENDE,AAPL,Apple,0,46.78,0.00
2017-08-10,DIVIDENDE,AZN.L,AstraZeneca,0,8957.00,0.00
2017-08-10,DIVIDENDE,XOM,ExxonMobil,0,105.49,0.00
2017-08-15,DIVIDENDE,MSFT,Microsoft,0,62.79,0.00
2017-08-16,DIVIDENDE,V,Visa,0,20.46,0.00
2017-08-22,DIVIDENDE,NVDA,Nvidia,0,11.34,0.00
2017-08-23,DIVIDENDE,NEE,NextEra Energy,0,83.31,0.00
2017-08-25,DIVIDENDE,JNJ,Johnson & Johnson,0,73.92,0.00
2017-09-01,DIVIDENDE,EMB,iShares J.P. Morgan USD Emerging Markets Bond,0,64.94,0.00
2017-09-01,DIVIDENDE,IEF,iShares 7-10 Year Treasury Bond,0,27.54,0.00
2017-09-01,DIVIDENDE,LQD,iShares iBoxx $ Investment Grade Corporate Bond,0,29.12,0.00
2017-09-01,DIVIDENDE,TIP,iShares TIPS Bond,0,25.12,0.00
2017-09-01,DIVIDENDE,TLT,iShares 20+ Year Treasury Bond,0,23.14,0.00
2017-09-07,DIVIDENDE,BHP.AX,BHP,0,183.73,0.00
2017-09-07,DIVIDENDE,LIN,Linde,0,67.77,0.00
2017-09-07,DIVIDENDE,UNH,UnitedHealth,0,46.50,0.00
2017-09-14,DIVIDENDE,CNQ.TO,Canadian Natural Resources,0,57.24,0.00
2017-09-14,DIVIDENDE,EUNW.DE,iShares € High Yield Corp Bond,0,193.31,0.00
2017-09-14,DIVIDENDE,KO,Coca-Cola,0,91.39,0.00
2017-09-15,DIVIDENDE,6861.T,Keyence,0,975.00,0.00
2017-09-15,DIVIDENDE,PLD,Prologis,0,84.92,0.00
2017-09-25,DIVIDENDE,TTE.PA,TotalEnergies,0,98.58,0.00
2017-09-27,DIVIDENDE,7203.T,Toyota,0,13900.00,0.00
2017-09-27,DIVIDENDE,8306.T,Mitsubishi UFJ,0,10179.00,0.00
2017-10-02,ACHAT,4GLD.DE,Xetra-Gold (or physique),77,34.91,5.00
2017-10-02,ACHAT,8306.T,Mitsubishi UFJ,189,724.50,5.00
2017-10-02,ACHAT,EMB,iShares J.P. Morgan USD Emerging Markets Bond,20,115.86,5.00
2017-10-02,ACHAT,INFY,Infosys (ADR),185,7.34,5.00
2017-10-02,ACHAT,LQD,iShares iBoxx $ Investment Grade Corporate Bond,14,121.02,5.00
2017-10-02,ACHAT,TLT,iShares 20+ Year Treasury Bond,14,124.28,5.00
2017-10-02,DIVIDENDE,EMB,iShares J.P. Morgan USD Emerging Markets Bond,0,65.09,0.00
2017-10-02,DIVIDENDE,IEF,iShares 7-10 Year Treasury Bond,0,27.03,0.00
2017-10-02,DIVIDENDE,LQD,iShares iBoxx $ Investment Grade Corporate Bond,0,29.39,0.00
2017-10-02,DIVIDENDE,TIP,iShares TIPS Bond,0,5.09,0.00
2017-10-02,DIVIDENDE,TLT,iShares 20+ Year Treasury Bond,0,22.18,0.00
2017-10-02,VENTE,0700.HK,Tencent,21,309.93,5.00
2017-10-02,VENTE,6861.T,Keyence,7,29940.00,5.00
2017-10-02,VENTE,ALV.DE,Allianz,4,191.25,5.00
2017-10-02,VENTE,ASML.AS,ASML,12,145.60,5.00
2017-10-02,VENTE,CAT,Caterpillar,11,124.72,5.00
2017-10-02,VENTE,CNQ.TO,Canadian Natural Resources,40,20.63,5.00
2017-10-02,VENTE,NVDA,Nvidia,570,4.47,5.00
2017-10-05,DIVIDENDE,JPM,JPMorgan Chase,0,64.96,0.00
2017-10-12,DIVIDENDE,HSBA.L,HSBC,0,6708.36,0.00
2017-10-19,DIVIDENDE,PG,Procter & Gamble,0,82.80,0.00
2017-10-20,DIVIDENDE,CAT,Caterpillar,0,74.88,0.00
2017-10-25,DIVIDENDE,RY.TO,Royal Bank of Canada,0,68.25,0.00
2017-10-31,DIVIDENDE,INFY,Infosys (ADR),0,130.10,0.00
2017-11-01,DIVIDENDE,EMB,iShares J.P. Morgan USD Emerging Markets Bond,0,72.98,0.00
2017-11-01,DIVIDENDE,IEF,iShares 7-10 Year Treasury Bond,0,27.88,0.00
2017-11-01,DIVIDENDE,LQD,iShares iBoxx $ Investment Grade Corporate Bond,0,33.70,0.00
2017-11-01,DIVIDENDE,TIP,iShares TIPS Bond,0,23.11,0.00
2017-11-01,DIVIDENDE,TLT,iShares 20+ Year Treasury Bond,0,26.83,0.00
2017-11-02,DIVIDENDE,ULVR.L,Unilever,0,5182.39,0.00
2017-11-10,DIVIDENDE,AAPL,Apple,0,46.78,0.00
2017-11-10,DIVIDENDE,XOM,ExxonMobil,0,105.49,0.00
2017-11-15,DIVIDENDE,MSFT,Microsoft,0,67.62,0.00
2017-11-16,DIVIDENDE,V,Visa,0,24.18,0.00
2017-11-22,DIVIDENDE,NEE,NextEra Energy,0,83.31,0.00
2017-11-22,DIVIDENDE,NVDA,Nvidia,0,10.01,0.00
2017-11-27,DIVIDENDE,JNJ,Johnson & Johnson,0,73.92,0.00
2017-11-30,DIVIDENDE,KO,Coca-Cola,0,91.39,0.00
2017-11-30,DIVIDENDE,UNH,UnitedHealth,0,46.50,0.00
2017-12-01,DIVIDENDE,EMB,iShares J.P. Morgan USD Emerging Markets Bond,0,73.64,0.00
2017-12-01,DIVIDENDE,IEF,iShares 7-10 Year Treasury Bond,0,27.20,0.00
2017-12-01,DIVIDENDE,LQD,iShares iBoxx $ Investment Grade Corporate Bond,0,33.81,0.00
2017-12-01,DIVIDENDE,TIP,iShares TIPS Bond,0,53.11,0.00
2017-12-01,DIVIDENDE,TLT,iShares 20+ Year Treasury Bond,0,26.01,0.00
2017-12-05,DIVIDENDE,MC.PA,LVMH,0,51.20,0.00
2017-12-06,DIVIDENDE,LIN,Linde,0,67.77,0.00
2017-12-11,DIVIDENDE,CNQ.TO,Canadian Natural Resources,0,51.85,0.00
2017-12-15,DIVIDENDE,PLD,Prologis,0,84.92,0.00
2017-12-19,DIVIDENDE,TTE.PA,TotalEnergies,0,98.58,0.00
2017-12-21,DIVIDENDE,EMB,iShares J.P. Morgan USD Emerging Markets Bond,0,60.84,0.00
2017-12-21,DIVIDENDE,IEF,iShares 7-10 Year Treasury Bond,0,27.88,0.00
2017-12-21,DIVIDENDE,LQD,iShares iBoxx $ Investment Grade Corporate Bond,0,26.67,0.00
2017-12-21,DIVIDENDE,TIP,iShares TIPS Bond,0,16.54,0.00
2017-12-21,DIVIDENDE,TLT,iShares 20+ Year Treasury Bond,0,26.72,0.00
2018-01-01,ACHAT,IBE.MC,Iberdrola,134,6.46,5.00
2018-01-01,ACHAT,IEF,iShares 7-10 Year Treasury Bond,19,105.57,5.00
2018-01-01,ACHAT,PG,Procter & Gamble,16,91.88,5.00
2018-01-01,ACHAT,SAN.PA,Sanofi,15,71.46,5.00
2018-01-01,VENTE,0700.HK,Tencent,21,374.27,5.00
2018-01-01,VENTE,AMZN,Amazon,33,58.47,5.00
2018-01-01,VENTE,CAT,Caterpillar,16,157.58,5.00
2018-01-01,VENTE,MSFT,Microsoft,14,85.54,5.00
2018-01-01,VENTE,V,Visa,14,114.02,5.00
2018-01-04,DIVIDENDE,JPM,JPMorgan Chase,0,64.96,0.00
2018-01-11,DIVIDENDE,EUN5.DE,iShares Core € Corp Bond,0,119.18,0.00
2018-01-11,DIVIDENDE,EUNH.DE,iShares Core € Govt Bond,0,131.41,0.00
2018-01-11,DIVIDENDE,IBE.MC,Iberdrola,0,160.58,0.00
2018-01-18,DIVIDENDE,PG,Procter & Gamble,0,93.84,0.00
2018-01-19,DIVIDENDE,CAT,Caterpillar,0,62.40,0.00
2018-01-24,DIVIDENDE,RY.TO,Royal Bank of Canada,0,68.25,0.00
2018-02-01,DIVIDENDE,EMB,iShares J.P. Morgan USD Emerging Markets Bond,0,50.84,0.00
2018-02-01,DIVIDENDE,IEF,iShares 7-10 Year Treasury Bond,0,31.75,0.00
2018-02-01,DIVIDENDE,LQD,iShares iBoxx $ Investment Grade Corporate Bond,0,33.70,0.00
2018-02-01,DIVIDENDE,TIP,iShares TIPS Bond,0,2.23,0.00
2018-02-01,DIVIDENDE,TLT,iShares 20+ Year Treasury Bond,0,26.01,0.00
2018-02-09,DIVIDENDE,AAPL,Apple,0,46.78,0.00
2018-02-09,DIVIDENDE,XOM,ExxonMobil,0,105.49,0.00
2018-02-14,DIVIDENDE,MSFT,Microsoft,0,61.74,0.00
2018-02-15,DIVIDENDE,AZN.L,AstraZeneca,0,17368.00,0.00
2018-02-15,DIVIDENDE,ULVR.L,Unilever,0,5111.11,0.00
2018-02-15,DIVIDENDE,V,Visa,0,23.10,0.00
2018-02-22,DIVIDENDE,HSBA.L,HSBC,0,12961.04,0.00
2018-02-22,DIVIDENDE,NVDA,Nvidia,0,10.01,0.00
2018-02-26,DIVIDENDE,JNJ,Johnson & Johnson,0,73.92,0.00
2018-02-26,DIVIDENDE,NEE,NextEra Energy,0,94.07,0.00
2018-03-01,DIVIDENDE,EMB,iShares J.P. Morgan USD Emerging Markets Bond,0,55.76,0.00
2018-03-01,DIVIDENDE,IEF,iShares 7-10 Year Treasury Bond,0,30.05,0.00
2018-03-01,DIVIDENDE,LQD,iShares iBoxx $ Investment Grade Corporate Bond,0,34.65,0.00
2018-03-01,DIVIDENDE,TLT,iShares 20+ Year Treasury Bond,0,24.38,0.00
2018-03-06,DIVIDENDE,LIN,Linde,0,70.95,0.00
2018-03-08,DIVIDENDE,BHP.AX,BHP,0,244.93,0.00
2018-03-08,DIVIDENDE,UNH,UnitedHealth,0,46.50,0.00
2018-03-14,DIVIDENDE,KO,Coca-Cola,0,96.33,0.00
2018-03-14,DIVIDENDE,PLD,Prologis,0,92.64,0.00
2018-03-15,DIVIDENDE,CNQ.TO,Canadian Natural Resources,0,63.16,0.00
2018-03-15,DIVIDENDE,EUNW.DE,iShares € High Yield Corp Bond,0,172.14,0.00
2018-03-16,DIVIDENDE,6861.T,Keyence,0,800.00,0.00
2018-03-19,DIVIDENDE,TTE.PA,TotalEnergies,0,98.58,0.00
2018-03-28,DIVIDENDE,7203.T,Toyota,0,16680.00,0.00
2018-03-28,DIVIDENDE,8306.T,Mitsubishi UFJ,0,13200.00,0.00
2018-04-02,ACHAT,CNQ.TO,Canadian Natural Resources,54,19.40,5.00
2018-04-02,ACHAT,JNJ,Johnson & Johnson,11,124.56,5.00
2018-04-02,ACHAT,KO,Coca-Cola,43,42.67,5.00
2018-04-02,ACHAT,NESN.SW,Nestlé,15,75.62,5.00
2018-04-02,ACHAT,PG,Procter & Gamble,24,77.40,5.00
2018-04-02,ACHAT,RY.TO,Royal Bank of Canada,11,98.73,5.00
2018-04-02,ACHAT,XOM,ExxonMobil,32,73.22,5.00
2018-04-02,DIVIDENDE,EMB,iShares J.P. Morgan USD Emerging Markets Bond,0,61.34,0.00
2018-04-02,DIVIDENDE,IEF,iShares 7-10 Year Treasury Bond,0,33.07,0.00
2018-04-02,DIVIDENDE,LQD,iShares iBoxx $ Investment Grade Corporate Bond,0,35.39,0.00
2018-04-02,DIVIDENDE,TIP,iShares TIPS Bond,0,30.95,0.00
2018-04-02,DIVIDENDE,TLT,iShares 20+ Year Treasury Bond,0,26.52,0.00
2018-04-02,VENTE,6861.T,Keyence,3,32750.00,5.00
2018-04-02,VENTE,AMZN,Amazon,33,68.60,5.00
2018-04-02,VENTE,ASML.AS,ASML,5,160.15,5.00
2018-04-02,VENTE,INFY,Infosys (ADR),169,8.77,5.00
2018-04-02,VENTE,MC.PA,LVMH,3,250.20,5.00
2018-04-02,VENTE,NEE,NextEra Energy,33,40.59,5.00
2018-04-02,VENTE,NVDA,Nvidia,423,5.53,5.00
2018-04-02,VENTE,TSM,Taiwan Semiconductor (ADR),40,42.50,5.00
2018-04-05,DIVIDENDE,JPM,JPMorgan Chase,0,64.96,0.00
2018-04-16,DIVIDENDE,NESN.SW,Nestlé,0,293.75,0.00
2018-04-17,DIVIDENDE,MC.PA,LVMH,0,98.60,0.00
2018-04-19,DIVIDENDE,PG,Procter & Gamble,0,114.72,0.00
2018-04-20,DIVIDENDE,CAT,Caterpillar,0,62.40,0.00
2018-04-24,DIVIDENDE,RY.TO,Royal Bank of Canada,0,80.84,0.00
2018-04-27,DIVIDENDE,ASML.AS,ASML,0,63.00,0.00
2018-05-01,DIVIDENDE,EMB,iShares J.P. Morgan USD Emerging Markets Bond,0,67.40,0.00
2018-05-01,DIVIDENDE,IEF,iShares 7-10 Year Treasury Bond,0,36.10,0.00
2018-05-01,DIVIDENDE,LQD,iShares iBoxx $ Investment Grade Corporate Bond,0,34.54,0.00
2018-05-01,DIVIDENDE,TIP,iShares TIPS Bond,0,52.89,0.00
2018-05-01,DIVIDENDE,TLT,iShares 20+ Year Treasury Bond,0,26.72,0.00
2018-05-02,DIVIDENDE,SU.PA,Schneider Electric,0,19.00,0.00
2018-05-03,DIVIDENDE,ULVR.L,Unilever,0,5412.43,0.00
2018-05-10,DIVIDENDE,ALV.DE,Allianz,0,304.00,0.00
2018-05-11,DIVIDENDE,AAPL,Apple,0,54.20,0.00
2018-05-11,DIVIDENDE,SAN.PA,Sanofi,0,312.09,0.00
2018-05-11,DIVIDENDE,XOM,ExxonMobil,0,138.58,0.00
2018-05-16,DIVIDENDE,MSFT,Microsoft,0,61.74,0.00
2018-05-17,DIVIDENDE,HSBA.L,HSBC,0,6629.08,0.00
2018-05-17,DIVIDENDE,V,Visa,0,23.10,0.00
2018-05-18,DIVIDENDE,0700.HK,Tencent,0,123.20,0.00
2018-05-18,DIVIDENDE,SAP.DE,SAP,0,112.00,0.00
2018-05-23,DIVIDENDE,NVDA,Nvidia,0,8.42,0.00
2018-05-25,DIVIDENDE,JNJ,Johnson & Johnson,0,89.10,0.00
2018-05-28,DIVIDENDE,AI.PA,Air Liquide,0,190.05,0.00
2018-06-01,DIVIDENDE,EMB,iShares J.P. Morgan USD Emerging Markets Bond,0,74.13,0.00
2018-06-01,DIVIDENDE,IEF,iShares 7-10 Year Treasury Bond,0,38.18,0.00
2018-06-01,DIVIDENDE,LQD,iShares iBoxx $ Investment Grade Corporate Bond,0,37.70,0.00
2018-06-01,DIVIDENDE,TIP,iShares TIPS Bond,0,35.62,0.00
2018-06-01,DIVIDENDE,TLT,iShares 20+ Year Treasury Bond,0,28.66,0.00
2018-06-04,DIVIDENDE,NEE,NextEra Energy,0,84.92,0.00
2018-06-06,DIVIDENDE,LIN,Linde,0,70.95,0.00
2018-06-11,DIVIDENDE,TTE.PA,TotalEnergies,0,98.58,0.00
2018-06-13,DIVIDENDE,PLD,Prologis,0,92.64,0.00
2018-06-14,DIVIDENDE,CNQ.TO,Canadian Natural Resources,0,72.02,0.00
2018-06-14,DIVIDENDE,INFY,Infosys (ADR),0,264.32,0.00
2018-06-14,DIVIDENDE,KO,Coca-Cola,0,113.10,0.00
2018-06-15,DIVIDENDE,UNH,UnitedHealth,0,55.80,0.00
2018-06-25,DIVIDENDE,TSM,Taiwan Semiconductor (ADR),0,314.73,0.00
2018-07-02,ACHAT,8306.T,Mitsubishi UFJ,255,621.60,5.00
2018-07-02,ACHAT,ALV.DE,Allianz,5,174.38,5.00
2018-07-02,ACHAT,CAT,Caterpillar,11,136.29,5.00
2018-07-02,ACHAT,EMB,iShares J.P. Morgan USD Emerging Markets Bond,23,106.32,5.00
2018-07-02,ACHAT,EUN5.DE,iShares Core € Corp Bond,27,129.24,5.00
2018-07-02,ACHAT,EUNH.DE,iShares Core € Govt Bond,37,122.87,5.00
2018-07-02,ACHAT,EUNW.DE,iShares € High Yield Corp Bond,15,103.67,5.00
2018-07-02,ACHAT,IBCA.DE,iShares € Govt Bond 1-3 ans,17,143.88,5.00
2018-07-02,ACHAT,TIP,iShares TIPS Bond,11,112.48,5.00
2018-07-02,ACHAT,TSM,Taiwan Semiconductor (ADR),38,36.54,5.00
2018-07-02,DIVIDENDE,EMB,iShares J.P. Morgan USD Emerging Markets Bond,0,73.14,0.00
2018-07-02,DIVIDENDE,IEF,iShares 7-10 Year Treasury Bond,0,35.91,0.00
2018-07-02,DIVIDENDE,LQD,iShares iBoxx $ Investment Grade Corporate Bond,0,36.22,0.00
2018-07-02,DIVIDENDE,TIP,iShares TIPS Bond,0,45.69,0.00
2018-07-02,DIVIDENDE,TLT,iShares 20+ Year Treasury Bond,0,28.05,0.00
2018-07-02,VENTE,AAPL,Apple,31,46.79,5.00
2018-07-02,VENTE,AMZN,Amazon,35,85.69,5.00
2018-07-02,VENTE,BHP.AX,BHP,47,29.92,5.00
2018-07-02,VENTE,CNQ.TO,Canadian Natural Resources,63,23.24,5.00
2018-07-02,VENTE,GOOGL,Alphabet,25,57.11,5.00
2018-07-02,VENTE,INFY,Infosys (ADR),116,9.81,5.00
2018-07-02,VENTE,MSFT,Microsoft,22,100.01,5.00
2018-07-02,VENTE,UNH,UnitedHealth,11,247.48,5.00
2018-07-02,VENTE,V,Visa,16,132.50,5.00
2018-07-02,VENTE,XOM,ExxonMobil,16,81.76,5.00
2018-07-05,DIVIDENDE,JPM,JPMorgan Chase,0,64.96,0.00
2018-07-09,DIVIDENDE,IBE.MC,Iberdrola,0,213.34,0.00
2018-07-12,DIVIDENDE,EUN5.DE,iShares Core € Corp Bond,0,196.38,0.00
2018-07-12,DIVIDENDE,EUNH.DE,iShares Core € Govt Bond,0,151.07,0.00
2018-07-19,DIVIDENDE,CAT,Caterpillar,0,78.26,0.00
2018-07-19,DIVIDENDE,PG,Procter & Gamble,0,114.72,0.00
2018-07-25,DIVIDENDE,RY.TO,Royal Bank of Canada,0,80.84,0.00
2018-08-01,DIVIDENDE,EMB,iShares J.P. Morgan USD Emerging Markets Bond,0,82.47,0.00
2018-08-01,DIVIDENDE,IEF,iShares 7-10 Year Treasury Bond,0,37.80,0.00
2018-08-01,DIVIDENDE,LQD,iShares iBoxx $ Investment Grade Corporate Bond,0,36.02,0.00
2018-08-01,DIVIDENDE,TIP,iShares TIPS Bond,0,54.76,0.00
2018-08-01,DIVIDENDE,TLT,iShares 20+ Year Treasury Bond,0,27.23,0.00
2018-08-02,DIVIDENDE,ULVR.L,Unilever,0,5564.71,0.00
2018-08-03,DIVIDENDE,LIN,Linde,0,70.95,0.00
2018-08-09,DIVIDENDE,AZN.L,AstraZeneca,0,8892.00,0.00
2018-08-10,DIVIDENDE,AAPL,Apple,0,48.54,0.00
2018-08-10,DIVIDENDE,XOM,ExxonMobil,0,125.46,0.00
2018-08-15,DIVIDENDE,MSFT,Microsoft,0,52.50,0.00
2018-08-16,DIVIDENDE,HSBA.L,HSBC,0,6700.90,0.00
2018-08-16,DIVIDENDE,V,Visa,0,19.74,0.00
2018-08-27,DIVIDENDE,JNJ,Johnson & Johnson,0,89.10,0.00
2018-08-29,DIVIDENDE,NEE,NextEra Energy,0,84.92,0.00
2018-08-29,DIVIDENDE,NVDA,Nvidia,0,8.42,0.00
2018-09-04,DIVIDENDE,EMB,iShares J.P. Morgan USD Emerging Markets Bond,0,81.53,0.00
2018-09-04,DIVIDENDE,IEF,iShares 7-10 Year Treasury Bond,0,38.93,0.00
2018-09-04,DIVIDENDE,LQD,iShares iBoxx $ Investment Grade Corporate Bond,0,36.54,0.00
2018-09-04,DIVIDENDE,TIP,iShares TIPS Bond,0,45.16,0.00
2018-09-04,DIVIDENDE,TLT,iShares 20+ Year Treasury Bond,0,27.74,0.00
2018-09-06,DIVIDENDE,BHP.AX,BHP,0,256.79,0.00
2018-09-06,DIVIDENDE,UNH,UnitedHealth,0,45.90,0.00
2018-09-13,DIVIDENDE,CNQ.TO,Canadian Natural Resources,0,61.68,0.00
2018-09-13,DIVIDENDE,EUNW.DE,iShares € High Yield Corp Bond,0,201.57,0.00
2018-09-13,DIVIDENDE,KO,Coca-Cola,0,113.10,0.00
2018-09-14,DIVIDENDE,PLD,Prologis,0,92.64,0.00
2018-09-18,DIVIDENDE,6861.T,Keyence,0,1450.00,0.00
2018-09-25,DIVIDENDE,TTE.PA,TotalEnergies,0,101.76,0.00
2018-09-26,DIVIDENDE,7203.T,Toyota,0,13900.00,0.00
2018-09-26,DIVIDENDE,8306.T,Mitsubishi UFJ,0,17325.00,0.00
2018-10-01,ACHAT,0700.HK,Tencent,42,297.94,5.00
2018-10-01,ACHAT,4GLD.DE,Xetra-Gold (or physique),132,33.03,5.00
2018-10-01,ACHAT,CNQ.TO,Canadian Natural Resources,46,21.09,5.00
2018-10-01,ACHAT,HSBA.L,HSBC,181,669.60,5.00
2018-10-01,ACHAT,IBCI.DE,iShares € Inflation Linked Govt Bond,12,206.59,5.00
2018-10-01,ACHAT,LQD,iShares iBoxx $ Investment Grade Corporate Bond,16,114.42,5.00
2018-10-01,ACHAT,SU.PA,Schneider Electric,15,68.98,5.00
2018-10-01,ACHAT,TLT,iShares 20+ Year Treasury Bond,17,116.15,5.00
2018-10-01,DIVIDENDE,EMB,iShares J.P. Morgan USD Emerging Markets Bond,0,84.15,0.00
2018-10-01,DIVIDENDE,IEF,iShares 7-10 Year Treasury Bond,0,38.56,0.00
2018-10-01,DIVIDENDE,LQD,iShares iBoxx $ Investment Grade Corporate Bond,0,36.96,0.00
2018-10-01,DIVIDENDE,TIP,iShares TIPS Bond,0,11.82,0.00
2018-10-01,DIVIDENDE,TLT,iShares 20+ Year Treasury Bond,0,26.62,0.00
2018-10-01,VENTE,AAPL,Apple,37,56.81,5.00
2018-10-01,VENTE,AMZN,Amazon,16,100.22,5.00
2018-10-01,VENTE,LIN,Linde,8,168.87,5.00
2018-10-01,VENTE,MC.PA,LVMH,3,306.90,5.00
2018-10-01,VENTE,MSFT,Microsoft,12,115.61,5.00
2018-10-01,VENTE,NVDA,Nvidia,448,7.23,5.00
2018-10-01,VENTE,TSM,Taiwan Semiconductor (ADR),39,44.66,5.00
2018-10-01,VENTE,TTE.PA,TotalEnergies,17,56.37,5.00
2018-10-04,DIVIDENDE,JPM,JPMorgan Chase,0,92.80,0.00
2018-10-11,DIVIDENDE,HSBA.L,HSBC,0,8239.02,0.00
2018-10-18,DIVIDENDE,PG,Procter & Gamble,0,114.72,0.00
2018-10-19,DIVIDENDE,CAT,Caterpillar,0,78.26,0.00
2018-10-24,DIVIDENDE,RY.TO,Royal Bank of Canada,0,84.28,0.00
2018-10-25,DIVIDENDE,INFY,Infosys (ADR),0,96.52,0.00
2018-11-01,DIVIDENDE,EMB,iShares J.P. Morgan USD Emerging Markets Bond,0,86.21,0.00
2018-11-01,DIVIDENDE,IEF,iShares 7-10 Year Treasury Bond,0,40.82,0.00
2018-11-01,DIVIDENDE,LQD,iShares iBoxx $ Investment Grade Corporate Bond,0,44.65,0.00
2018-11-01,DIVIDENDE,TIP,iShares TIPS Bond,0,10.65,0.00
2018-11-01,DIVIDENDE,TLT,iShares 20+ Year Treasury Bond,0,32.72,0.00
2018-11-01,DIVIDENDE,ULVR.L,Unilever,0,5496.67,0.00
2018-11-08,DIVIDENDE,AAPL,Apple,0,41.79,0.00
2018-11-09,DIVIDENDE,XOM,ExxonMobil,0,125.46,0.00
2018-11-14,DIVIDENDE,MSFT,Microsoft,0,51.98,0.00
2018-11-15,DIVIDENDE,V,Visa,0,23.50,0.00
2018-11-26,DIVIDENDE,JNJ,Johnson & Johnson,0,89.10,0.00
2018-11-29,DIVIDENDE,KO,Coca-Cola,0,113.10,0.00
2018-11-29,DIVIDENDE,NEE,NextEra Energy,0,84.92,0.00
2018-11-29,DIVIDENDE,NVDA,Nvidia,0,7.19,0.00
2018-11-30,DIVIDENDE,UNH,UnitedHealth,0,45.90,0.00
2018-12-03,DIVIDENDE,EMB,iShares J.P. Morgan USD Emerging Markets Bond,0,84.90,0.00
2018-12-03,DIVIDENDE,IEF,iShares 7-10 Year Treasury Bond,0,40.07,0.00
2018-12-03,DIVIDENDE,LQD,iShares iBoxx $ Investment Grade Corporate Bond,0,42.71,0.00
2018-12-03,DIVIDENDE,TIP,iShares TIPS Bond,0,18.14,0.00
2018-12-03,DIVIDENDE,TLT,iShares 20+ Year Treasury Bond,0,31.77,0.00
2018-12-04,DIVIDENDE,MC.PA,LVMH,0,52.00,0.00
2018-12-07,DIVIDENDE,CNQ.TO,Canadian Natural Resources,0,69.23,0.00
2018-12-17,DIVIDENDE,LIN,Linde,0,64.35,0.00
2018-12-17,DIVIDENDE,PLD,Prologis,0,92.64,0.00
2018-12-18,DIVIDENDE,EMB,iShares J.P. Morgan USD Emerging Markets Bond,0,241.23,0.00
2018-12-18,DIVIDENDE,IEF,iShares 7-10 Year Treasury Bond,0,40.26,0.00
2018-12-18,DIVIDENDE,LQD,iShares iBoxx $ Investment Grade Corporate Bond,0,42.59,0.00
2018-12-18,DIVIDENDE,TIP,iShares TIPS Bond,0,21.53,0.00
2018-12-18,DIVIDENDE,TLT,iShares 20+ Year Treasury Bond,0,33.56,0.00
2018-12-18,DIVIDENDE,TTE.PA,TotalEnergies,0,90.88,0.00
2019-01-01,ACHAT,6861.T,Keyence,5,27840.00,5.00
2019-01-01,ACHAT,8306.T,Mitsubishi UFJ,186,537.90,5.00
2019-01-01,ACHAT,AAPL,Apple,79,39.44,5.00
2019-01-01,ACHAT,AMZN,Amazon,31,75.10,5.00
2019-01-01,ACHAT,ASML.AS,ASML,9,137.16,5.00
2019-01-01,ACHAT,CNQ.TO,Canadian Natural Resources,125,16.13,5.00
2019-01-01,ACHAT,MC.PA,LVMH,3,258.20,5.00
2019-01-01,ACHAT,NVDA,Nvidia,1844,3.34,5.35
2019-01-01,ACHAT,TSM,Taiwan Semiconductor (ADR),30,36.91,5.00
2019-01-01,ACHAT,TTE.PA,TotalEnergies,20,46.18,5.00
2019-01-01,ACHAT,XOM,ExxonMobil,25,68.19,5.00
2019-01-01,VENTE,4GLD.DE,Xetra-Gold (or physique),117,35.87,5.00
2019-01-01,VENTE,AZN.L,AstraZeneca,14,5873.00,5.00
2019-01-01,VENTE,KO,Coca-Cola,33,47.35,5.00
2019-01-01,VENTE,PG,Procter & Gamble,27,91.92,5.00
2019-01-01,VENTE,TLT,iShares 20+ Year Treasury Bond,12,121.51,5.00
2019-01-03,DIVIDENDE,JPM,JPMorgan Chase,0,92.80,0.00
2019-01-09,DIVIDENDE,IBE.MC,Iberdrola,0,173.20,0.00
2019-01-10,DIVIDENDE,BHP.AX,BHP,0,423.82,0.00
2019-01-17,DIVIDENDE,EUN5.DE,iShares Core € Corp Bond,0,197.93,0.00
2019-01-17,DIVIDENDE,EUNH.DE,iShares Core € Govt Bond,0,150.11,0.00
2019-01-17,DIVIDENDE,PG,Procter & Gamble,0,95.36,0.00
2019-01-18,DIVIDENDE,CAT,Caterpillar,0,78.26,0.00
2019-01-23,DIVIDENDE,RY.TO,Royal Bank of Canada,0,84.28,0.00
2019-01-24,DIVIDENDE,INFY,Infosys (ADR),0,57.91,0.00
2019-02-01,DIVIDENDE,EMB,iShares J.P. Morgan USD Emerging Markets Bond,0,82.65,0.00
2019-02-01,DIVIDENDE,IEF,iShares 7-10 Year Treasury Bond,0,41.58,0.00
2019-02-01,DIVIDENDE,LQD,iShares iBoxx $ Investment Grade Corporate Bond,0,42.71,0.00
2019-02-01,DIVIDENDE,TLT,iShares 20+ Year Treasury Bond,0,29.42,0.00
2019-02-08,DIVIDENDE,AAPL,Apple,0,56.21,0.00
2019-02-08,DIVIDENDE,XOM,ExxonMobil,0,145.96,0.00
2019-02-14,DIVIDENDE,ULVR.L,Unilever,0,5444.83,0.00
2019-02-14,DIVIDENDE,V,Visa,0,23.50,0.00
2019-02-20,DIVIDENDE,MSFT,Microsoft,0,51.98,0.00
2019-02-21,DIVIDENDE,HSBA.L,HSBC,0,16866.80,0.00
2019-02-25,DIVIDENDE,JNJ,Johnson & Johnson,0,89.10,0.00
2019-02-27,DIVIDENDE,NEE,NextEra Energy,0,95.62,0.00
2019-02-28,DIVIDENDE,AZN.L,AstraZeneca,0,17028.80,0.00
2019-02-28,DIVIDENDE,NVDA,Nvidia,0,14.57,0.00
2019-03-01,DIVIDENDE,EMB,iShares J.P. Morgan USD Emerging Markets Bond,0,82.84,0.00
2019-03-01,DIVIDENDE,IEF,iShares 7-10 Year Treasury Bond,0,37.61,0.00
2019-03-01,DIVIDENDE,LQD,iShares iBoxx $ Investment Grade Corporate Bond,0,43.32,0.00
2019-03-01,DIVIDENDE,TLT,iShares 20+ Year Treasury Bond,0,27.07,0.00
2019-03-07,DIVIDENDE,BHP.AX,BHP,0,234.24,0.00
2019-03-07,DIVIDENDE,LIN,Linde,0,68.25,0.00
2019-03-08,DIVIDENDE,UNH,UnitedHealth,0,45.90,0.00
2019-03-14,DIVIDENDE,EUNW.DE,iShares € High Yield Corp Bond,0,196.33,0.00
2019-03-14,DIVIDENDE,KO,Coca-Cola,0,102.80,0.00
2019-03-14,DIVIDENDE,PLD,Prologis,0,102.29,0.00
2019-03-18,DIVIDENDE,6861.T,Keyence,0,1700.00,0.00
2019-03-19,DIVIDENDE,TTE.PA,TotalEnergies,0,103.68,0.00
2019-03-21,DIVIDENDE,CNQ.TO,Canadian Natural Resources,0,100.45,0.00
2019-03-27,DIVIDENDE,7203.T,Toyota,0,16680.00,0.00
2019-03-27,DIVIDENDE,8306.T,Mitsubishi UFJ,0,19371.00,0.00
2019-04-01,ACHAT,7203.T,Toyota,96,1327.00,5.00
2019-04-01,ACHAT,EUNW.DE,iShares € High Yield Corp Bond,13,103.54,5.00
2019-04-01,ACHAT,IBCA.DE,iShares € Govt Bond 1-3 ans,18,144.16,5.00
2019-04-01,DIVIDENDE,EMB,iShares J.P. Morgan USD Emerging Markets Bond,0,84.90,0.00
2019-04-01,DIVIDENDE,IEF,iShares 7-10 Year Treasury Bond,0,41.20,0.00
2019-04-01,DIVIDENDE,LQD,iShares iBoxx $ Investment Grade Corporate Bond,0,43.32,0.00
2019-04-01,DIVIDENDE,TLT,iShares 20+ Year Treasury Bond,0,29.75,0.00
2019-04-01,VENTE,6861.T,Keyence,3,34355.00,5.00
2019-04-01,VENTE,AAPL,Apple,29,47.81,5.00
2019-04-01,VENTE,MC.PA,LVMH,3,333.25,5.00
2019-04-01,VENTE,NESN.SW,Nestlé,13,94.63,5.00
2019-04-01,VENTE,NVDA,Nvidia,720,4.56,5.00
2019-04-01,VENTE,V,Visa,9,157.26,5.00
2019-04-04,DIVIDENDE,JPM,JPMorgan Chase,0,92.80,0.00
2019-04-15,DIVIDENDE,NESN.SW,Nestlé,0,274.40,0.00
2019-04-17,DIVIDENDE,PG,Procter & Gamble,0,99.22,0.00
2019-04-18,DIVIDENDE,CAT,Caterpillar,0,78.26,0.00
2019-04-24,DIVIDENDE,RY.TO,Royal Bank of Canada,0,87.72,0.00
2019-04-25,DIVIDENDE,MC.PA,LVMH,0,104.00,0.00
2019-04-26,DIVIDENDE,ASML.AS,ASML,0,113.40,0.00
2019-04-30,DIVIDENDE,SU.PA,Schneider Electric,0,270.25,0.00
2019-05-01,DIVIDENDE,EMB,iShares J.P. Morgan USD Emerging Markets Bond,0,83.96,0.00
2019-05-01,DIVIDENDE,IEF,iShares 7-10 Year Treasury Bond,0,40.07,0.00
2019-05-01,DIVIDENDE,LQD,iShares iBoxx $ Investment Grade Corporate Bond,0,42.59,0.00
2019-05-01,DIVIDENDE,TIP,iShares TIPS Bond,0,4.10,0.00
2019-05-01,DIVIDENDE,TLT,iShares 20+ Year Treasury Bond,0,27.71,0.00
2019-05-02,DIVIDENDE,ULVR.L,Unilever,0,5744.52,0.00
2019-05-09,DIVIDENDE,ALV.DE,Allianz,0,387.00,0.00
2019-05-09,DIVIDENDE,SAN.PA,Sanofi,0,316.21,0.00
2019-05-10,DIVIDENDE,AAPL,Apple,0,53.71,0.00
2019-05-10,DIVIDENDE,XOM,ExxonMobil,0,154.86,0.00
2019-05-15,DIVIDENDE,MSFT,Microsoft,0,51.98,0.00
2019-05-16,DIVIDENDE,HSBA.L,HSBC,0,8299.17,0.00
2019-05-16,DIVIDENDE,SAP.DE,SAP,0,120.00,0.00
2019-05-16,DIVIDENDE,V,Visa,0,21.25,0.00
2019-05-17,DIVIDENDE,0700.HK,Tencent,0,182.00,0.00
2019-05-20,DIVIDENDE,AI.PA,Air Liquide,0,190.05,0.00
2019-05-24,DIVIDENDE,JNJ,Johnson & Johnson,0,94.05,0.00
2019-05-30,DIVIDENDE,NVDA,Nvidia,0,11.69,0.00
2019-05-31,DIVIDENDE,LIN,Linde,0,68.25,0.00
2019-05-31,DIVIDENDE,NEE,NextEra Energy,0,95.62,0.00
2019-06-03,DIVIDENDE,EMB,iShares J.P. Morgan USD Emerging Markets Bond,0,85.83,0.00
2019-06-03,DIVIDENDE,IEF,iShares 7-10 Year Treasury Bond,0,40.26,0.00
2019-06-03,DIVIDENDE,LQD,iShares iBoxx $ Investment Grade Corporate Bond,0,44.89,0.00
2019-06-03,DIVIDENDE,TIP,iShares TIPS Bond,0,74.76,0.00
2019-06-03,DIVIDENDE,TLT,iShares 20+ Year Treasury Bond,0,28.89,0.00
2019-06-11,DIVIDENDE,TTE.PA,TotalEnergies,0,103.68,0.00
2019-06-12,DIVIDENDE,PLD,Prologis,0,102.29,0.00
2019-06-13,DIVIDENDE,CNQ.TO,Canadian Natural Resources,0,100.45,0.00
2019-06-13,DIVIDENDE,INFY,Infosys (ADR),0,152.40,0.00
2019-06-13,DIVIDENDE,KO,Coca-Cola,0,102.80,0.00
2019-06-14,DIVIDENDE,UNH,UnitedHealth,0,55.08,0.00
2019-06-24,DIVIDENDE,TSM,Taiwan Semiconductor (ADR),0,335.59,0.00
2019-07-01,ACHAT,8306.T,Mitsubishi UFJ,274,524.30,5.00
2019-07-01,ACHAT,CAT,Caterpillar,10,136.60,5.00
2019-07-01,ACHAT,GOOGL,Alphabet,33,55.00,5.00
2019-07-01,ACHAT,NVDA,Nvidia,413,4.15,5.00
2019-07-01,ACHAT,UNH,UnitedHealth,6,242.64,5.00
2019-07-01,DIVIDENDE,EMB,iShares J.P. Morgan USD Emerging Markets Bond,0,81.91,0.00
2019-07-01,DIVIDENDE,IEF,iShares 7-10 Year Treasury Bond,0,36.29,0.00
2019-07-01,DIVIDENDE,LQD,iShares iBoxx $ Investment Grade Corporate Bond,0,42.96,0.00
2019-07-01,DIVIDENDE,TIP,iShares TIPS Bond,0,71.60,0.00
2019-07-01,DIVIDENDE,TLT,iShares 20+ Year Treasury Bond,0,27.82,0.00
2019-07-01,VENTE,AMZN,Amazon,16,96.11,5.00
2019-07-01,VENTE,ASML.AS,ASML,8,189.36,5.00
2019-07-01,VENTE,IBE.MC,Iberdrola,155,8.74,5.00
2019-07-01,VENTE,LIN,Linde,9,203.00,5.00
2019-07-01,VENTE,MC.PA,LVMH,2,374.60,5.00
2019-07-01,VENTE,MSFT,Microsoft,10,135.68,5.00
2019-07-01,VENTE,NEE,NextEra Energy,34,51.01,5.00
2019-07-01,VENTE,PLD,Prologis,19,79.92,5.00
2019-07-01,VENTE,SAP.DE,SAP,9,122.26,5.00
2019-07-03,DIVIDENDE,JPM,JPMorgan Chase,0,92.80,0.00
2019-07-04,DIVIDENDE,IBE.MC,Iberdrola,0,198.40,0.00
2019-07-11,DIVIDENDE,EUN5.DE,iShares Core € Corp Bond,0,191.36,0.00
2019-07-11,DIVIDENDE,EUNH.DE,iShares Core € Govt Bond,0,160.88,0.00
2019-07-18,DIVIDENDE,PG,Procter & Gamble,0,99.22,0.00
2019-07-19,DIVIDENDE,CAT,Caterpillar,0,104.03,0.00
2019-07-24,DIVIDENDE,RY.TO,Royal Bank of Canada,0,87.72,0.00
2019-08-01,DIVIDENDE,EMB,iShares J.P. Morgan USD Emerging Markets Bond,0,78.17,0.00
2019-08-01,DIVIDENDE,IEF,iShares 7-10 Year Treasury Bond,0,36.67,0.00
2019-08-01,DIVIDENDE,LQD,iShares iBoxx $ Investment Grade Corporate Bond,0,42.11,0.00
2019-08-01,DIVIDENDE,TIP,iShares TIPS Bond,0,31.59,0.00
2019-08-01,DIVIDENDE,TLT,iShares 20+ Year Treasury Bond,0,28.25,0.00
2019-08-08,DIVIDENDE,AZN.L,AstraZeneca,0,8340.40,0.00
2019-08-08,DIVIDENDE,ULVR.L,Unilever,0,5964.84,0.00
2019-08-09,DIVIDENDE,AAPL,Apple,0,53.71,0.00
2019-08-12,DIVIDENDE,XOM,ExxonMobil,0,154.86,0.00
2019-08-14,DIVIDENDE,MSFT,Microsoft,0,47.38,0.00
2019-08-15,DIVIDENDE,HSBA.L,HSBC,0,8507.48,0.00
2019-08-15,DIVIDENDE,V,Visa,0,21.25,0.00
2019-08-26,DIVIDENDE,JNJ,Johnson & Johnson,0,94.05,0.00
2019-08-28,DIVIDENDE,NEE,NextEra Energy,0,85.00,0.00
2019-08-28,DIVIDENDE,NVDA,Nvidia,0,13.34,0.00
2019-08-30,DIVIDENDE,LIN,Linde,0,60.38,0.00
2019-09-03,DIVIDENDE,EMB,iShares J.P. Morgan USD Emerging Markets Bond,0,77.23,0.00
2019-09-03,DIVIDENDE,IEF,iShares 7-10 Year Treasury Bond,0,35.91,0.00
2019-09-03,DIVIDENDE,LQD,iShares iBoxx $ Investment Grade Corporate Bond,0,42.23,0.00
2019-09-03,DIVIDENDE,TIP,iShares TIPS Bond,0,6.90,0.00
2019-09-03,DIVIDENDE,TLT,iShares 20+ Year Treasury Bond,0,27.82,0.00
2019-09-05,DIVIDENDE,BHP.AX,BHP,0,341.11,0.00
2019-09-12,DIVIDENDE,CNQ.TO,Canadian Natural Resources,0,100.45,0.00
2019-09-12,DIVIDENDE,EUNW.DE,iShares € High Yield Corp Bond,0,264.17,0.00
2019-09-13,DIVIDENDE,KO,Coca-Cola,0,102.80,0.00
2019-09-13,DIVIDENDE,UNH,UnitedHealth,0,61.56,0.00
2019-09-19,DIVIDENDE,6861.T,Keyence,0,1550.00,0.00
2019-09-19,DIVIDENDE,PLD,Prologis,0,92.22,0.00
2019-09-19,DIVIDENDE,TSM,Taiwan Semiconductor (ADR),0,84.69,0.00
2019-09-27,DIVIDENDE,7203.T,Toyota,0,15820.00,0.00
2019-09-27,DIVIDENDE,8306.T,Mitsubishi UFJ,0,25437.50,0.00
2019-09-27,DIVIDENDE,TTE.PA,TotalEnergies,0,106.92,0.00
2019-10-01,ACHAT,CAT,Caterpillar,11,122.37,5.00
2019-10-01,ACHAT,EUN5.DE,iShares Core € Corp Bond,36,134.88,5.00
2019-10-01,ACHAT,HSBA.L,HSBC,223,619.90,5.00
2019-10-01,ACHAT,SAP.DE,SAP,12,106.86,5.00
2019-10-01,ACHAT,TTE.PA,TotalEnergies,27,47.34,5.00
2019-10-01,ACHAT,XOM,ExxonMobil,21,68.95,5.00
2019-10-01,DIVIDENDE,EMB,iShares J.P. Morgan USD Emerging Markets Bond,0,74.80,0.00
2019-10-01,DIVIDENDE,IEF,iShares 7-10 Year Treasury Bond,0,32.32,0.00
2019-10-01,DIVIDENDE,LQD,iShares iBoxx $ Investment Grade Corporate Bond,0,40.66,0.00
2019-10-01,DIVIDENDE,TIP,iShares TIPS Bond,0,22.93,0.00
2019-10-01,DIVIDENDE,TLT,iShares 20+ Year Treasury Bond,0,26.75,0.00
2019-10-01,VENTE,AAPL,Apple,34,56.15,5.00
2019-10-01,VENTE,ASML.AS,ASML,6,224.95,5.00
2019-10-01,VENTE,GOOGL,Alphabet,23,60.30,5.00
2019-10-01,VENTE,NEE,NextEra Energy,35,58.01,5.00
2019-10-01,VENTE,PG,Procter & Gamble,22,123.85,5.00
2019-10-01,VENTE,TSM,Taiwan Semiconductor (ADR),30,47.19,5.00
2019-10-03,DIVIDENDE,JPM,JPMorgan Chase,0,104.40,0.00
2019-10-10,DIVIDENDE,HSBA.L,HSBC,0,9999.34,0.00
2019-10-17,DIVIDENDE,PG,Procter & Gamble,0,82.81,0.00
2019-10-18,DIVIDENDE,CAT,Caterpillar,0,115.36,0.00
2019-10-22,DIVIDENDE,INFY,Infosys (ADR),0,114.81,0.00
2019-10-23,DIVIDENDE,RY.TO,Royal Bank of Canada,0,90.30,0.00
2019-10-31,DIVIDENDE,ULVR.L,Unilever,0,5793.12,0.00
2019-11-01,DIVIDENDE,EMB,iShares J.P. Morgan USD Emerging Markets Bond,0,75.74,0.00
2019-11-01,DIVIDENDE,IEF,iShares 7-10 Year Treasury Bond,0,31.75,0.00
2019-11-01,DIVIDENDE,LQD,iShares iBoxx $ Investment Grade Corporate Bond,0,41.74,0.00
2019-11-01,DIVIDENDE,TIP,iShares TIPS Bond,0,2.34,0.00
2019-11-01,DIVIDENDE,TLT,iShares 20+ Year Treasury Bond,0,26.32,0.00
2019-11-04,DIVIDENDE,ASML.AS,ASML,0,42.00,0.00
2019-11-07,DIVIDENDE,AAPL,Apple,0,47.16,0.00
2019-11-08,DIVIDENDE,XOM,ExxonMobil,0,173.13,0.00
2019-11-14,DIVIDENDE,V,Visa,0,25.50,0.00
2019-11-20,DIVIDENDE,MSFT,Microsoft,0,52.53,0.00
2019-11-25,DIVIDENDE,JNJ,Johnson & Johnson,0,94.05,0.00
2019-11-27,DIVIDENDE,NEE,NextEra Energy,0,74.06,0.00
2019-11-27,DIVIDENDE,NVDA,Nvidia,0,13.34,0.00
2019-11-29,DIVIDENDE,KO,Coca-Cola,0,102.80,0.00
2019-12-02,DIVIDENDE,EMB,iShares J.P. Morgan USD Emerging Markets Bond,0,76.30,0.00
2019-12-02,DIVIDENDE,IEF,iShares 7-10 Year Treasury Bond,0,30.24,0.00
2019-12-02,DIVIDENDE,LIN,Linde,0,60.38,0.00
2019-12-02,DIVIDENDE,LQD,iShares iBoxx $ Investment Grade Corporate Bond,0,41.87,0.00
2019-12-02,DIVIDENDE,TIP,iShares TIPS Bond,0,12.17,0.00
2019-12-02,DIVIDENDE,TLT,iShares 20+ Year Treasury Bond,0,25.79,0.00
2019-12-06,DIVIDENDE,MC.PA,LVMH,0,52.80,0.00
2019-12-06,DIVIDENDE,UNH,UnitedHealth,0,61.56,0.00
2019-12-10,DIVIDENDE,CNQ.TO,Canadian Natural Resources,0,100.45,0.00
2019-12-18,DIVIDENDE,PLD,Prologis,0,92.22,0.00
2019-12-19,DIVIDENDE,EMB,iShares J.P. Morgan USD Emerging Markets Bond,0,82.47,0.00
2019-12-19,DIVIDENDE,IEF,iShares 7-10 Year Treasury Bond,0,29.48,0.00
2019-12-19,DIVIDENDE,LQD,iShares iBoxx $ Investment Grade Corporate Bond,0,40.66,0.00
2019-12-19,DIVIDENDE,TIP,iShares TIPS Bond,0,12.75,0.00
2019-12-19,DIVIDENDE,TLT,iShares 20+ Year Treasury Bond,0,23.33,0.00
2019-12-19,DIVIDENDE,TSM,Taiwan Semiconductor (ADR),0,95.53,0.00
2020-01-01,ACHAT,EUNH.DE,iShares Core € Govt Bond,62,130.20,8.07
2020-01-01,ACHAT,IBCA.DE,iShares € Govt Bond 1-3 ans,19,144.24,5.00
2020-01-01,ACHAT,IBCI.DE,iShares € Inflation Linked Govt Bond,10,219.15,5.00
2020-01-01,ACHAT,IEF,iShares 7-10 Year Treasury Bond,25,110.22,5.00
2020-01-01,ACHAT,INFY,Infosys (ADR),130,10.32,5.00
2020-01-01,ACHAT,RY.TO,Royal Bank of Canada,13,102.75,5.00
2020-01-01,ACHAT,TIP,iShares TIPS Bond,18,116.57,5.00
2020-01-01,ACHAT,ULVR.L,Unilever,26,4652.67,5.00
2020-01-01,VENTE,AAPL,Apple,43,73.41,5.00
2020-01-01,VENTE,ASML.AS,ASML,4,263.70,5.00
2020-01-01,VENTE,AZN.L,AstraZeneca,11,7607.00,5.00
2020-01-01,VENTE,CAT,Caterpillar,11,147.68,5.00
2020-01-01,VENTE,NVDA,Nvidia,820,5.88,5.00
2020-01-01,VENTE,SU.PA,Schneider Electric,12,91.50,5.00
2020-01-01,VENTE,TSM,Taiwan Semiconductor (ADR),29,58.10,5.00
2020-01-01,VENTE,UNH,UnitedHealth,6,293.98,5.00
2020-01-03,DIVIDENDE,JPM,JPMorgan Chase,0,104.40,0.00
2020-01-06,DIVIDENDE,TTE.PA,TotalEnergies,0,124.74,0.00
2020-01-09,DIVIDENDE,IBE.MC,Iberdrola,0,166.66,0.00
2020-01-16,DIVIDENDE,EUN5.DE,iShares Core € Corp Bond,0,174.80,0.00
2020-01-16,DIVIDENDE,EUNH.DE,iShares Core € Govt Bond,0,165.76,0.00
2020-01-17,DIVIDENDE,CAT,Caterpillar,0,104.03,0.00
2020-01-23,DIVIDENDE,PG,Procter & Gamble,0,82.81,0.00
2020-01-24,DIVIDENDE,RY.TO,Royal Bank of Canada,0,103.95,0.00
2020-02-03,DIVIDENDE,EMB,iShares J.P. Morgan USD Emerging Markets Bond,0,76.86,0.00
2020-02-03,DIVIDENDE,IEF,iShares 7-10 Year Treasury Bond,0,32.74,0.00
2020-02-03,DIVIDENDE,LQD,iShares iBoxx $ Investment Grade Corporate Bond,0,40.78,0.00
2020-02-03,DIVIDENDE,TIP,iShares TIPS Bond,0,17.14,0.00
2020-02-03,DIVIDENDE,TLT,iShares 20+ Year Treasury Bond,0,25.89,0.00
2020-02-07,DIVIDENDE,AAPL,Apple,0,38.88,0.00
2020-02-10,DIVIDENDE,XOM,ExxonMobil,0,173.13,0.00
2020-02-13,DIVIDENDE,V,Visa,0,25.50,0.00
2020-02-19,DIVIDENDE,MSFT,Microsoft,0,52.53,0.00
2020-02-20,DIVIDENDE,ULVR.L,Unilever,0,6640.20,0.00
2020-02-24,DIVIDENDE,JNJ,Johnson & Johnson,0,94.05,0.00
2020-02-27,DIVIDENDE,AZN.L,AstraZeneca,0,15372.00,0.00
2020-02-27,DIVIDENDE,NEE,NextEra Energy,0,82.95,0.00
2020-02-27,DIVIDENDE,NVDA,Nvidia,0,10.06,0.00
2020-03-02,DIVIDENDE,EMB,iShares J.P. Morgan USD Emerging Markets Bond,0,77.98,0.00
2020-03-02,DIVIDENDE,IEF,iShares 7-10 Year Treasury Bond,0,29.96,0.00
2020-03-02,DIVIDENDE,LQD,iShares iBoxx $ Investment Grade Corporate Bond,0,42.23,0.00
2020-03-02,DIVIDENDE,TLT,iShares 20+ Year Treasury Bond,0,24.50,0.00
2020-03-05,DIVIDENDE,BHP.AX,BHP,0,298.21,0.00
2020-03-05,DIVIDENDE,LIN,Linde,0,66.45,0.00
2020-03-12,DIVIDENDE,EUNW.DE,iShares € High Yield Corp Bond,0,248.58,0.00
2020-03-13,DIVIDENDE,KO,Coca-Cola,0,105.37,0.00
2020-03-13,DIVIDENDE,PLD,Prologis,0,100.92,0.00
2020-03-13,DIVIDENDE,UNH,UnitedHealth,0,55.08,0.00
2020-03-18,DIVIDENDE,6861.T,Keyence,0,3100.00,0.00
2020-03-19,DIVIDENDE,CNQ.TO,Canadian Natural Resources,0,113.85,0.00
2020-03-19,DIVIDENDE,TSM,Taiwan Semiconductor (ADR),0,85.07,0.00
2020-03-30,DIVIDENDE,7203.T,Toyota,0,18984.00,0.00
2020-03-30,DIVIDENDE,8306.T,Mitsubishi UFJ,0,25437.50,0.00
2020-03-30,DIVIDENDE,TTE.PA,TotalEnergies,0,128.52,0.00
2020-04-01,ACHAT,8306.T,Mitsubishi UFJ,470,399.80,5.00
2020-04-01,ACHAT,ALV.DE,Allianz,12,153.64,5.00
2020-04-01,ACHAT,BHP.AX,BHP,122,26.92,5.00
2020-04-01,ACHAT,CAT,Caterpillar,16,111.35,5.00
2020-04-01,ACHAT,CNQ.TO,Canadian Natural Resources,540,9.05,5.00
2020-04-01,ACHAT,EMB,iShares J.P. Morgan USD Emerging Markets Bond,36,93.85,5.00
2020-04-01,ACHAT,EUNW.DE,iShares € High Yield Corp Bond,23,87.11,5.00
2020-04-01,ACHAT,HSBA.L,HSBC,545,411.00,5.00
2020-04-01,ACHAT,INFY,Infosys (ADR),201,7.78,5.00
2020-04-01,ACHAT,JPM,JPMorgan Chase,39,84.36,5.00
2020-04-01,ACHAT,KO,Coca-Cola,54,42.12,5.00
2020-04-01,ACHAT,LIN,Linde,12,160.87,5.00
2020-04-01,ACHAT,RY.TO,Royal Bank of Canada,19,83.05,5.00
2020-04-01,ACHAT,SU.PA,Schneider Electric,11,73.54,5.00
2020-04-01,ACHAT,TTE.PA,TotalEnergies,51,35.20,5.00
2020-04-01,ACHAT,XOM,ExxonMobil,150,37.53,5.11
2020-04-01,DIVIDENDE,EMB,iShares J.P. Morgan USD Emerging Markets Bond,0,76.48,0.00
2020-04-01,DIVIDENDE,IEF,iShares 7-10 Year Treasury Bond,0,30.82,0.00
2020-04-01,DIVIDENDE,LQD,iShares iBoxx $ Investment Grade Corporate Bond,0,37.51,0.00
2020-04-01,DIVIDENDE,TIP,iShares TIPS Bond,0,23.76,0.00
2020-04-01,DIVIDENDE,TLT,iShares 20+ Year Treasury Bond,0,25.47,0.00
2020-04-01,VENTE,0700.HK,Tencent,25,345.14,5.00
2020-04-01,VENTE,4GLD.DE,Xetra-Gold (or physique),108,46.70,5.04
2020-04-01,VENTE,IEF,iShares 7-10 Year Treasury Bond,41,121.83,5.00
2020-04-01,VENTE,MSFT,Microsoft,16,152.11,5.00
2020-04-01,VENTE,NESN.SW,Nestlé,11,99.84,5.00
2020-04-01,VENTE,NVDA,Nvidia,358,6.08,5.00
2020-04-01,VENTE,TIP,iShares TIPS Bond,17,118.46,5.00
2020-04-01,VENTE,TLT,iShares 20+ Year Treasury Bond,23,167.04,5.00
2020-04-03,DIVIDENDE,JPM,JPMorgan Chase,0,139.50,0.00
2020-04-17,DIVIDENDE,CAT,Caterpillar,0,120.51,0.00
2020-04-22,DIVIDENDE,RY.TO,Royal Bank of Canada,0,127.44,0.00
2020-04-23,DIVIDENDE,PG,Procter & Gamble,0,87.80,0.00
2020-04-24,DIVIDENDE,ASML.AS,ASML,0,48.60,0.00
2020-04-27,DIVIDENDE,NESN.SW,Nestlé,0,272.70,0.00
2020-05-01,DIVIDENDE,EMB,iShares J.P. Morgan USD Emerging Markets Bond,0,84.52,0.00
2020-05-01,DIVIDENDE,IEF,iShares 7-10 Year Treasury Bond,0,22.14,0.00
2020-05-01,DIVIDENDE,LQD,iShares iBoxx $ Investment Grade Corporate Bond,0,38.72,0.00
2020-05-01,DIVIDENDE,TIP,iShares TIPS Bond,0,35.16,0.00
2020-05-01,DIVIDENDE,TLT,iShares 20+ Year Treasury Bond,0,18.14,0.00
2020-05-04,DIVIDENDE,SAN.PA,Sanofi,0,324.45,0.00
2020-05-05,DIVIDENDE,SU.PA,Schneider Electric,0,290.70,0.00
2020-05-07,DIVIDENDE,ALV.DE,Allianz,0,528.00,0.00
2020-05-08,DIVIDENDE,AAPL,Apple,0,41.41,0.00
2020-05-11,DIVIDENDE,AI.PA,Air Liquide,0,213.00,0.00
2020-05-12,DIVIDENDE,XOM,ExxonMobil,0,303.63,0.00
2020-05-13,DIVIDENDE,V,Visa,0,25.50,0.00
2020-05-14,DIVIDENDE,ULVR.L,Unilever,0,6911.78,0.00
2020-05-15,DIVIDENDE,0700.HK,Tencent,0,188.40,0.00
2020-05-20,DIVIDENDE,MSFT,Microsoft,0,44.37,0.00
2020-05-21,DIVIDENDE,SAP.DE,SAP,0,131.14,0.00
2020-05-22,DIVIDENDE,JNJ,Johnson & Johnson,0,99.99,0.00
2020-05-29,DIVIDENDE,INFY,Infosys (ADR),0,171.07,0.00
2020-06-01,DIVIDENDE,EMB,iShares J.P. Morgan USD Emerging Markets Bond,0,75.15,0.00
2020-06-01,DIVIDENDE,IEF,iShares 7-10 Year Treasury Bond,0,21.11,0.00
2020-06-01,DIVIDENDE,LQD,iShares iBoxx $ Investment Grade Corporate Bond,0,38.96,0.00
2020-06-01,DIVIDENDE,NEE,NextEra Energy,0,82.95,0.00
2020-06-01,DIVIDENDE,TLT,iShares 20+ Year Treasury Bond,0,17.64,0.00
2020-06-02,DIVIDENDE,LIN,Linde,0,78.00,0.00
2020-06-04,DIVIDENDE,NVDA,Nvidia,0,8.63,0.00
2020-06-11,DIVIDENDE,CNQ.TO,Canadian Natural Resources,0,226.24,0.00
2020-06-12,DIVIDENDE,KO,Coca-Cola,0,127.51,0.00
2020-06-15,DIVIDENDE,PLD,Prologis,0,100.92,0.00
2020-06-18,DIVIDENDE,TSM,Taiwan Semiconductor (ADR),0,85.68,0.00
2020-06-19,DIVIDENDE,UNH,UnitedHealth,0,63.75,0.00
2020-06-29,DIVIDENDE,TTE.PA,TotalEnergies,0,163.20,0.00
2020-07-01,ACHAT,7203.T,Toyota,100,1331.20,5.00
2020-07-01,ACHAT,8306.T,Mitsubishi UFJ,337,417.70,5.00
2020-07-01,ACHAT,EUN5.DE,iShares Core € Corp Bond,35,131.84,5.00
2020-07-01,ACHAT,HSBA.L,HSBC,556,372.30,5.00
2020-07-01,ACHAT,IEF,iShares 7-10 Year Treasury Bond,30,121.57,5.00
2020-07-01,ACHAT,JNJ,Johnson & Johnson,11,140.38,5.00
2020-07-01,ACHAT,PG,Procter & Gamble,17,119.98,5.00
2020-07-01,ACHAT,TIP,iShares TIPS Bond,16,123.08,5.00
2020-07-01,ACHAT,TLT,iShares 20+ Year Treasury Bond,16,163.42,5.00
2020-07-01,ACHAT,TTE.PA,TotalEnergies,46,34.16,5.00
2020-07-01,ACHAT,ULVR.L,Unilever,21,4639.30,5.00
2020-07-01,DIVIDENDE,EMB,iShares J.P. Morgan USD Emerging Markets Bond,0,73.59,0.00
2020-07-01,DIVIDENDE,IEF,iShares 7-10 Year Treasury Bond,0,19.03,0.00
2020-07-01,DIVIDENDE,LQD,iShares iBoxx $ Investment Grade Corporate Bond,0,37.51,0.00
2020-07-01,DIVIDENDE,TLT,iShares 20+ Year Treasury Bond,0,16.13,0.00
2020-07-01,VENTE,0700.HK,Tencent,17,459.64,5.00
2020-07-01,VENTE,6861.T,Keyence,4,44340.00,5.00
2020-07-01,VENTE,AAPL,Apple,32,91.03,5.00
2020-07-01,VENTE,AMZN,Amazon,37,143.93,5.00
2020-07-01,VENTE,ASML.AS,ASML,6,327.15,5.00
2020-07-01,VENTE,BHP.AX,BHP,47,31.89,5.00
2020-07-01,VENTE,CNQ.TO,Canadian Natural Resources,116,11.53,5.00
2020-07-01,VENTE,LIN,Linde,8,214.77,5.00
2020-07-01,VENTE,MSFT,Microsoft,11,204.70,5.00
2020-07-01,VENTE,NVDA,Nvidia,534,9.53,5.00
2020-07-01,VENTE,SU.PA,Schneider Electric,13,97.12,5.00
2020-07-02,DIVIDENDE,JPM,JPMorgan Chase,0,139.50,0.00
2020-07-07,DIVIDENDE,MC.PA,LVMH,0,62.40,0.00
2020-07-08,DIVIDENDE,IBE.MC,Iberdrola,0,230.14,0.00
2020-07-16,DIVIDENDE,EUN5.DE,iShares Core € Corp Bond,0,189.01,0.00
2020-07-16,DIVIDENDE,EUNH.DE,iShares Core € Govt Bond,0,106.72,0.00
2020-07-17,DIVIDENDE,CAT,Caterpillar,0,120.51,0.00
2020-07-23,DIVIDENDE,PG,Procter & Gamble,0,101.25,0.00
2020-07-24,DIVIDENDE,RY.TO,Royal Bank of Canada,0,127.44,0.00
2020-08-03,DIVIDENDE,EMB,iShares J.P. Morgan USD Emerging Markets Bond,0,73.14,0.00
2020-08-03,DIVIDENDE,IEF,iShares 7-10 Year Treasury Bond,0,20.30,0.00
2020-08-03,DIVIDENDE,LQD,iShares iBoxx $ Investment Grade Corporate Bond,0,35.70,0.00
2020-08-03,DIVIDENDE,TLT,iShares 20+ Year Treasury Bond,0,19.00,0.00
2020-08-06,DIVIDENDE,ULVR.L,Unilever,0,7946.08,0.00
2020-08-07,DIVIDENDE,AAPL,Apple,0,34.85,0.00
2020-08-12,DIVIDENDE,XOM,ExxonMobil,0,303.63,0.00
2020-08-13,DIVIDENDE,AZN.L,AstraZeneca,0,7308.00,0.00
2020-08-13,DIVIDENDE,V,Visa,0,25.50,0.00
2020-08-19,DIVIDENDE,MSFT,Microsoft,0,38.76,0.00
2020-08-24,DIVIDENDE,JNJ,Johnson & Johnson,0,111.10,0.00
2020-08-27,DIVIDENDE,NEE,NextEra Energy,0,82.95,0.00
2020-09-01,DIVIDENDE,EMB,iShares J.P. Morgan USD Emerging Markets Bond,0,74.26,0.00
2020-09-01,DIVIDENDE,IEF,iShares 7-10 Year Treasury Bond,0,17.86,0.00
2020-09-01,DIVIDENDE,LQD,iShares iBoxx $ Investment Grade Corporate Bond,0,35.70,0.00
2020-09-01,DIVIDENDE,NVDA,Nvidia,0,6.49,0.00
2020-09-01,DIVIDENDE,TLT,iShares 20+ Year Treasury Bond,0,18.30,0.00
2020-09-02,DIVIDENDE,LIN,Linde,0,70.30,0.00
2020-09-03,DIVIDENDE,BHP.AX,BHP,0,282.96,0.00
2020-09-11,DIVIDENDE,UNH,UnitedHealth,0,63.75,0.00
2020-09-14,DIVIDENDE,KO,Coca-Cola,0,127.51,0.00
2020-09-16,DIVIDENDE,PLD,Prologis,0,100.92,0.00
2020-09-17,DIVIDENDE,6861.T,Keyence,0,2700.00,0.00
2020-09-17,DIVIDENDE,CNQ.TO,Canadian Natural Resources,0,202.09,0.00
2020-09-17,DIVIDENDE,EUNW.DE,iShares € High Yield Corp Bond,0,251.43,0.00
2020-09-17,DIVIDENDE,TSM,Taiwan Semiconductor (ADR),0,87.11,0.00
2020-09-25,DIVIDENDE,TTE.PA,TotalEnergies,0,188.76,0.00
2020-09-29,DIVIDENDE,7203.T,Toyota,0,18711.00,0.00
2020-09-29,DIVIDENDE,8306.T,Mitsubishi UFJ,0,35525.00,0.00
2020-10-01,ACHAT,ALV.DE,Allianz,6,162.18,5.00
2020-10-01,ACHAT,CNQ.TO,Canadian Natural Resources,192,10.09,5.00
2020-10-01,ACHAT,HSBA.L,HSBC,607,304.60,5.00
2020-10-01,ACHAT,SAN.PA,Sanofi,15,84.84,5.00
2020-10-01,ACHAT,TTE.PA,TotalEnergies,66,28.49,5.00
2020-10-01,ACHAT,XOM,ExxonMobil,150,33.13,5.00
2020-10-01,DIVIDENDE,EMB,iShares J.P. Morgan USD Emerging Markets Bond,0,81.62,0.00
2020-10-01,DIVIDENDE,IEF,iShares 7-10 Year Treasury Bond,0,16.04,0.00
2020-10-01,DIVIDENDE,LQD,iShares iBoxx $ Investment Grade Corporate Bond,0,35.57,0.00
2020-10-01,DIVIDENDE,TIP,iShares TIPS Bond,0,55.88,0.00
2020-10-01,DIVIDENDE,TLT,iShares 20+ Year Treasury Bond,0,16.90,0.00
2020-10-01,VENTE,AAPL,Apple,28,116.79,5.00
2020-10-01,VENTE,INFY,Infosys (ADR),384,13.76,5.00
2020-10-01,VENTE,NVDA,Nvidia,406,13.61,5.00
2020-10-01,VENTE,SAP.DE,SAP,7,133.74,5.00
2020-10-01,VENTE,TSM,Taiwan Semiconductor (ADR),43,82.62,5.00
2020-10-05,DIVIDENDE,JPM,JPMorgan Chase,0,139.50,0.00
2020-10-22,DIVIDENDE,PG,Procter & Gamble,0,101.25,0.00
2020-10-23,DIVIDENDE,CAT,Caterpillar,0,120.51,0.00
2020-10-23,DIVIDENDE,INFY,Infosys (ADR),0,157.93,0.00
2020-10-23,DIVIDENDE,RY.TO,Royal Bank of Canada,0,127.44,0.00
2020-10-29,DIVIDENDE,ULVR.L,Unilever,0,8049.22,0.00
2020-11-02,DIVIDENDE,ASML.AS,ASML,0,36.00,0.00
2020-11-02,DIVIDENDE,EMB,iShares J.P. Morgan USD Emerging Markets Bond,0,88.31,0.00
2020-11-02,DIVIDENDE,IEF,iShares 7-10 Year Treasury Bond,0,15.43,0.00
2020-11-02,DIVIDENDE,LQD,iShares iBoxx $ Investment Grade Corporate Bond,0,34.24,0.00
2020-11-02,DIVIDENDE,TIP,iShares TIPS Bond,0,42.61,0.00
2020-11-02,DIVIDENDE,TLT,iShares 20+ Year Treasury Bond,0,16.90,0.00
2020-11-06,DIVIDENDE,AAPL,Apple,0,29.11,0.00
2020-11-10,DIVIDENDE,XOM,ExxonMobil,0,434.13,0.00
2020-11-12,DIVIDENDE,V,Visa,0,27.20,0.00
2020-11-18,DIVIDENDE,MSFT,Microsoft,0,42.56,0.00
2020-11-23,DIVIDENDE,JNJ,Johnson & Johnson,0,111.10,0.00
2020-11-25,DIVIDENDE,NEE,NextEra Energy,0,82.95,0.00
2020-11-30,DIVIDENDE,KO,Coca-Cola,0,127.51,0.00
2020-12-01,DIVIDENDE,EMB,iShares J.P. Morgan USD Emerging Markets Bond,0,88.31,0.00
2020-12-01,DIVIDENDE,IEF,iShares 7-10 Year Treasury Bond,0,16.24,0.00
2020-12-01,DIVIDENDE,LQD,iShares iBoxx $ Investment Grade Corporate Bond,0,33.40,0.00
2020-12-01,DIVIDENDE,MC.PA,LVMH,0,48.00,0.00
2020-12-01,DIVIDENDE,TIP,iShares TIPS Bond,0,17.82,0.00
2020-12-01,DIVIDENDE,TLT,iShares 20+ Year Treasury Bond,0,16.30,0.00
2020-12-02,DIVIDENDE,LIN,Linde,0,70.30,0.00
2020-12-03,DIVIDENDE,NVDA,Nvidia,0,4.87,0.00
2020-12-04,DIVIDENDE,UNH,UnitedHealth,0,63.75,0.00
2020-12-08,DIVIDENDE,CNQ.TO,Canadian Natural Resources,0,242.05,0.00
2020-12-17,DIVIDENDE,EMB,iShares J.P. Morgan USD Emerging Markets Bond,0,88.08,0.00
2020-12-17,DIVIDENDE,IEF,iShares 7-10 Year Treasury Bond,0,14.82,0.00
2020-12-17,DIVIDENDE,LQD,iShares iBoxx $ Investment Grade Corporate Bond,0,33.88,0.00
2020-12-17,DIVIDENDE,PLD,Prologis,0,100.92,0.00
2020-12-17,DIVIDENDE,TIP,iShares TIPS Bond,0,3.08,0.00
2020-12-17,DIVIDENDE,TLT,iShares 20+ Year Treasury Bond,0,16.40,0.00
2020-12-17,DIVIDENDE,TSM,Taiwan Semiconductor (ADR),0,71.16,0.00
2021-01-01,ACHAT,4GLD.DE,Xetra-Gold (or physique),121,49.17,5.95
2021-01-01,ACHAT,AZN.L,AstraZeneca,21,7324.00,5.00
2021-01-01,ACHAT,EMB,iShares J.P. Morgan USD Emerging Markets Bond,25,115.91,5.00
2021-01-01,ACHAT,IBCA.DE,iShares € Govt Bond 1-3 ans,24,144.03,5.00
2021-01-01,ACHAT,IEF,iShares 7-10 Year Treasury Bond,36,119.95,5.00
2021-01-01,ACHAT,LQD,iShares iBoxx $ Investment Grade Corporate Bond,17,138.13,5.00
2021-01-01,ACHAT,NESN.SW,Nestlé,21,104.26,5.00
2021-01-01,ACHAT,NVDA,Nvidia,159,13.06,5.00
2021-01-01,ACHAT,SAN.PA,Sanofi,16,78.27,5.00
2021-01-01,ACHAT,SAP.DE,SAP,21,107.22,5.00
2021-01-01,ACHAT,TIP,iShares TIPS Bond,16,127.65,5.00
2021-01-01,ACHAT,TLT,iShares 20+ Year Treasury Bond,21,157.73,5.00
2021-01-01,VENTE,6861.T,Keyence,4,58000.00,5.00
2021-01-01,VENTE,ALV.DE,Allianz,8,200.70,5.00
2021-01-01,VENTE,ASML.AS,ASML,3,397.55,5.00
2021-01-01,VENTE,BHP.AX,BHP,52,37.78,5.00
2021-01-01,VENTE,CAT,Caterpillar,18,182.02,5.00
2021-01-01,VENTE,CNQ.TO,Canadian Natural Resources,361,14.98,5.00
2021-01-01,VENTE,GOOGL,Alphabet,22,87.63,5.00
2021-01-01,VENTE,HSBA.L,HSBC,538,378.85,5.00
2021-01-01,VENTE,IBE.MC,Iberdrola,94,11.70,5.00
2021-01-01,VENTE,INFY,Infosys (ADR),114,16.95,5.00
2021-01-01,VENTE,MC.PA,LVMH,3,510.90,5.00
2021-01-01,VENTE,SU.PA,Schneider Electric,12,118.30,5.00
2021-01-01,VENTE,TSM,Taiwan Semiconductor (ADR),29,109.04,5.00
2021-01-01,VENTE,TTE.PA,TotalEnergies,54,35.30,5.00
2021-01-01,VENTE,XOM,ExxonMobil,62,41.22,5.00
2021-01-04,DIVIDENDE,TTE.PA,TotalEnergies,0,196.68,0.00
2021-01-05,DIVIDENDE,JPM,JPMorgan Chase,0,139.50,0.00
2021-01-12,DIVIDENDE,IBE.MC,Iberdrola,0,150.86,0.00
2021-01-14,DIVIDENDE,EUN5.DE,iShares Core € Corp Bond,0,202.40,0.00
2021-01-14,DIVIDENDE,EUNH.DE,iShares Core € Govt Bond,0,78.14,0.00
2021-01-19,DIVIDENDE,CAT,Caterpillar,0,101.97,0.00
2021-01-21,DIVIDENDE,PG,Procter & Gamble,0,101.25,0.00
2021-01-25,DIVIDENDE,RY.TO,Royal Bank of Canada,0,127.44,0.00
2021-02-01,DIVIDENDE,EMB,iShares J.P. Morgan USD Emerging Markets Bond,0,89.78,0.00
2021-02-01,DIVIDENDE,IEF,iShares 7-10 Year Treasury Bond,0,18.64,0.00
2021-02-01,DIVIDENDE,LQD,iShares iBoxx $ Investment Grade Corporate Bond,0,36.85,0.00
2021-02-01,DIVIDENDE,TLT,iShares 20+ Year Treasury Bond,0,21.30,0.00
2021-02-05,DIVIDENDE,AAPL,Apple,0,29.11,0.00
2021-02-09,DIVIDENDE,XOM,ExxonMobil,0,380.19,0.00
2021-02-11,DIVIDENDE,V,Visa,0,27.20,0.00
2021-02-17,DIVIDENDE,MSFT,Microsoft,0,42.56,0.00
2021-02-22,DIVIDENDE,JNJ,Johnson & Johnson,0,111.10,0.00
2021-02-25,DIVIDENDE,AZN.L,AstraZeneca,0,17312.40,0.00
2021-02-25,DIVIDENDE,NEE,NextEra Energy,0,91.24,0.00
2021-02-25,DIVIDENDE,ULVR.L,Unilever,0,8079.30,0.00
2021-03-01,DIVIDENDE,EMB,iShares J.P. Morgan USD Emerging Markets Bond,0,87.05,0.00
2021-03-01,DIVIDENDE,IEF,iShares 7-10 Year Treasury Bond,0,16.73,0.00
2021-03-01,DIVIDENDE,LQD,iShares iBoxx $ Investment Grade Corporate Bond,0,37.12,0.00
2021-03-01,DIVIDENDE,TLT,iShares 20+ Year Treasury Bond,0,20.81,0.00
2021-03-04,DIVIDENDE,BHP.AX,BHP,0,423.57,0.00
2021-03-04,DIVIDENDE,LIN,Linde,0,77.38,0.00
2021-03-09,DIVIDENDE,NVDA,Nvidia,0,5.50,0.00
2021-03-11,DIVIDENDE,EUNW.DE,iShares € High Yield Corp Bond,0,234.54,0.00
2021-03-11,DIVIDENDE,HSBA.L,HSBC,0,26462.72,0.00
2021-03-12,DIVIDENDE,KO,Coca-Cola,0,130.62,0.00
2021-03-12,DIVIDENDE,UNH,UnitedHealth,0,63.75,0.00
2021-03-17,DIVIDENDE,TSM,Taiwan Semiconductor (ADR),0,59.14,0.00
2021-03-18,DIVIDENDE,6861.T,Keyence,0,2300.00,0.00
2021-03-18,DIVIDENDE,CNQ.TO,Canadian Natural Resources,0,184.59,0.00
2021-03-18,DIVIDENDE,PLD,Prologis,0,109.62,0.00
2021-03-25,DIVIDENDE,TTE.PA,TotalEnergies,0,196.68,0.00
2021-03-30,DIVIDENDE,7203.T,Toyota,0,24057.00,0.00
2021-03-30,DIVIDENDE,8306.T,Mitsubishi UFJ,0,35525.00,0.00
2021-04-01,ACHAT,6861.T,Keyence,4,51910.00,5.00
2021-04-01,ACHAT,EUNH.DE,iShares Core € Govt Bond,72,132.62,9.55
2021-04-01,ACHAT,EUNW.DE,iShares € High Yield Corp Bond,17,102.56,5.00
2021-04-01,ACHAT,IBCI.DE,iShares € Inflation Linked Govt Bond,13,228.73,5.00
2021-04-01,ACHAT,IBE.MC,Iberdrola,111,11.03,5.00
2021-04-01,ACHAT,KO,Coca-Cola,38,52.51,5.00
2021-04-01,ACHAT,TLT,iShares 20+ Year Treasury Bond,21,137.51,5.00
2021-04-01,ACHAT,ULVR.L,Unilever,29,4301.35,5.00
2021-04-01,DIVIDENDE,EMB,iShares J.P. Morgan USD Emerging Markets Bond,0,86.30,0.00
2021-04-01,DIVIDENDE,IEF,iShares 7-10 Year Treasury Bond,0,16.73,0.00
2021-04-01,DIVIDENDE,LQD,iShares iBoxx $ Investment Grade Corporate Bond,0,35.05,0.00
2021-04-01,DIVIDENDE,TIP,iShares TIPS Bond,0,45.00,0.00
2021-04-01,DIVIDENDE,TLT,iShares 20+ Year Treasury Bond,0,22.38,0.00
2021-04-01,VENTE,0700.HK,Tencent,13,602.89,5.00
2021-04-01,VENTE,8306.T,Mitsubishi UFJ,411,595.10,5.00
2021-04-01,VENTE,ASML.AS,ASML,5,529.30,5.00
2021-04-01,VENTE,CAT,Caterpillar,20,232.74,5.00
2021-04-01,VENTE,CNQ.TO,Canadian Natural Resources,167,19.40,5.00
2021-04-01,VENTE,GOOGL,Alphabet,33,106.49,5.00
2021-04-01,VENTE,JPM,JPMorgan Chase,35,153.71,5.00
2021-04-01,VENTE,LIN,Linde,7,280.84,5.00
2021-04-01,VENTE,RY.TO,Royal Bank of Canada,11,116.00,5.00
2021-04-01,VENTE,TSM,Taiwan Semiconductor (ADR),14,124.80,5.00
2021-04-01,VENTE,XOM,ExxonMobil,116,57.39,5.68
2021-04-05,DIVIDENDE,JPM,JPMorgan Chase,0,108.00,0.00
2021-04-19,DIVIDENDE,NESN.SW,Nestlé,0,335.50,0.00
2021-04-20,DIVIDENDE,MC.PA,LVMH,0,84.00,0.00
2021-04-21,DIVIDENDE,RY.TO,Royal Bank of Canada,0,115.56,0.00
2021-04-22,DIVIDENDE,PG,Procter & Gamble,0,111.36,0.00
2021-04-23,DIVIDENDE,CAT,Caterpillar,0,81.37,0.00
2021-05-03,DIVIDENDE,ASML.AS,ASML,0,34.10,0.00
2021-05-03,DIVIDENDE,EMB,iShares J.P. Morgan USD Emerging Markets Bond,0,86.30,0.00
2021-05-03,DIVIDENDE,IEF,iShares 7-10 Year Treasury Bond,0,17.69,0.00
2021-05-03,DIVIDENDE,LQD,iShares iBoxx $ Investment Grade Corporate Bond,0,35.19,0.00
2021-05-03,DIVIDENDE,TIP,iShares TIPS Bond,0,77.25,0.00
2021-05-03,DIVIDENDE,TLT,iShares 20+ Year Treasury Bond,0,28.83,0.00
2021-05-05,DIVIDENDE,SAN.PA,Sanofi,0,428.80,0.00
2021-05-06,DIVIDENDE,ALV.DE,Allianz,0,508.80,0.00
2021-05-07,DIVIDENDE,AAPL,Apple,0,31.24,0.00
2021-05-10,DIVIDENDE,SU.PA,Schneider Electric,0,231.40,0.00
2021-05-12,DIVIDENDE,XOM,ExxonMobil,0,279.27,0.00
2021-05-13,DIVIDENDE,SAP.DE,SAP,0,179.45,0.00
2021-05-13,DIVIDENDE,V,Visa,0,27.20,0.00
2021-05-17,DIVIDENDE,AI.PA,Air Liquide,0,216.94,0.00
2021-05-19,DIVIDENDE,MSFT,Microsoft,0,42.56,0.00
2021-05-20,DIVIDENDE,ULVR.L,Unilever,0,9182.25,0.00
2021-05-24,DIVIDENDE,0700.HK,Tencent,0,203.20,0.00
2021-05-24,DIVIDENDE,JNJ,Johnson & Johnson,0,116.60,0.00
2021-05-28,DIVIDENDE,INFY,Infosys (ADR),0,169.80,0.00
2021-06-01,DIVIDENDE,EMB,iShares J.P. Morgan USD Emerging Markets Bond,0,88.78,0.00
2021-06-01,DIVIDENDE,IEF,iShares 7-10 Year Treasury Bond,0,18.88,0.00
2021-06-01,DIVIDENDE,LQD,iShares iBoxx $ Investment Grade Corporate Bond,0,35.47,0.00
2021-06-01,DIVIDENDE,NEE,NextEra Energy,0,91.24,0.00
2021-06-01,DIVIDENDE,TIP,iShares TIPS Bond,0,102.15,0.00
2021-06-01,DIVIDENDE,TLT,iShares 20+ Year Treasury Bond,0,28.26,0.00
2021-06-02,DIVIDENDE,LIN,Linde,0,69.96,0.00
2021-06-09,DIVIDENDE,NVDA,Nvidia,0,5.50,0.00
2021-06-14,DIVIDENDE,KO,Coca-Cola,0,146.58,0.00
2021-06-15,DIVIDENDE,PLD,Prologis,0,109.62,0.00
2021-06-17,DIVIDENDE,CNQ.TO,Canadian Natural Resources,0,146.16,0.00
2021-06-17,DIVIDENDE,TSM,Taiwan Semiconductor (ADR),0,53.22,0.00
2021-06-18,DIVIDENDE,UNH,UnitedHealth,0,73.95,0.00
2021-06-24,DIVIDENDE,TTE.PA,TotalEnergies,0,196.68,0.00
2021-07-01,ACHAT,0700.HK,Tencent,20,538.36,5.00
2021-07-01,ACHAT,4GLD.DE,Xetra-Gold (or physique),96,48.03,5.00
2021-07-01,ACHAT,CAT,Caterpillar,9,216.71,5.00
2021-07-01,ACHAT,EUN5.DE,iShares Core € Corp Bond,48,135.04,6.48
2021-07-01,ACHAT,IEF,iShares 7-10 Year Treasury Bond,26,115.33,5.00
2021-07-01,DIVIDENDE,EMB,iShares J.P. Morgan USD Emerging Markets Bond,0,88.04,0.00
2021-07-01,DIVIDENDE,IEF,iShares 7-10 Year Treasury Bond,0,18.40,0.00
2021-07-01,DIVIDENDE,LQD,iShares iBoxx $ Investment Grade Corporate Bond,0,34.91,0.00
2021-07-01,DIVIDENDE,TIP,iShares TIPS Bond,0,124.95,0.00
2021-07-01,DIVIDENDE,TLT,iShares 20+ Year Treasury Bond,0,26.70,0.00
2021-07-01,VENTE,7203.T,Toyota,109,1938.00,5.00
2021-07-01,VENTE,AZN.L,AstraZeneca,13,8742.00,5.00
2021-07-01,VENTE,CNQ.TO,Canadian Natural Resources,60,22.04,5.00
2021-07-01,VENTE,GOOGL,Alphabet,16,122.44,5.00
2021-07-01,VENTE,INFY,Infosys (ADR),117,20.96,5.00
2021-07-01,VENTE,MC.PA,LVMH,3,663.90,5.00
2021-07-01,VENTE,NVDA,Nvidia,428,20.21,7.30
2021-07-02,DIVIDENDE,JPM,JPMorgan Chase,0,108.00,0.00
2021-07-08,DIVIDENDE,IBE.MC,Iberdrola,0,256.29,0.00
2021-07-15,DIVIDENDE,EUN5.DE,iShares Core € Corp Bond,0,183.32,0.00
2021-07-15,DIVIDENDE,EUNH.DE,iShares Core € Govt Bond,0,66.30,0.00
2021-07-19,DIVIDENDE,CAT,Caterpillar,0,97.68,0.00
2021-07-22,DIVIDENDE,PG,Procter & Gamble,0,111.36,0.00
2021-07-23,DIVIDENDE,RY.TO,Royal Bank of Canada,0,115.56,0.00
2021-08-02,DIVIDENDE,EMB,iShares J.P. Morgan USD Emerging Markets Bond,0,86.80,0.00
2021-08-02,DIVIDENDE,IEF,iShares 7-10 Year Treasury Bond,0,20.14,0.00
2021-08-02,DIVIDENDE,LQD,iShares iBoxx $ Investment Grade Corporate Bond,0,33.53,0.00
2021-08-02,DIVIDENDE,TIP,iShares TIPS Bond,0,116.55,0.00
2021-08-02,DIVIDENDE,TLT,iShares 20+ Year Treasury Bond,0,25.84,0.00
2021-08-05,DIVIDENDE,ULVR.L,Unilever,0,9140.19,0.00
2021-08-06,DIVIDENDE,AAPL,Apple,0,31.24,0.00
2021-08-12,DIVIDENDE,AZN.L,AstraZeneca,0,7322.40,0.00
2021-08-12,DIVIDENDE,V,Visa,0,27.20,0.00
2021-08-12,DIVIDENDE,XOM,ExxonMobil,0,279.27,0.00
2021-08-18,DIVIDENDE,MSFT,Microsoft,0,42.56,0.00
2021-08-19,DIVIDENDE,HSBA.L,HSBC,0,12554.98,0.00
2021-08-23,DIVIDENDE,JNJ,Johnson & Johnson,0,116.60,0.00
2021-08-26,DIVIDENDE,NEE,NextEra Energy,0,91.24,0.00
2021-08-31,DIVIDENDE,NVDA,Nvidia,0,3.79,0.00
2021-09-01,DIVIDENDE,EMB,iShares J.P. Morgan USD Emerging Markets Bond,0,86.30,0.00
2021-09-01,DIVIDENDE,IEF,iShares 7-10 Year Treasury Bond,0,21.20,0.00
2021-09-01,DIVIDENDE,LQD,iShares iBoxx $ Investment Grade Corporate Bond,0,32.29,0.00
2021-09-01,DIVIDENDE,TIP,iShares TIPS Bond,0,134.40,0.00
2021-09-01,DIVIDENDE,TLT,iShares 20+ Year Treasury Bond,0,26.84,0.00
2021-09-02,DIVIDENDE,BHP.AX,BHP,0,877.03,0.00
2021-09-02,DIVIDENDE,LIN,Linde,0,69.96,0.00
2021-09-10,DIVIDENDE,UNH,UnitedHealth,0,73.95,0.00
2021-09-14,DIVIDENDE,KO,Coca-Cola,0,146.58,0.00
2021-09-16,DIVIDENDE,6861.T,Keyence,0,2700.00,0.00
2021-09-16,DIVIDENDE,CNQ.TO,Canadian Natural Resources,0,132.35,0.00
2021-09-16,DIVIDENDE,EUNW.DE,iShares € High Yield Corp Bond,0,248.39,0.00
2021-09-16,DIVIDENDE,PLD,Prologis,0,109.62,0.00
2021-09-16,DIVIDENDE,TSM,Taiwan Semiconductor (ADR),0,58.65,0.00
2021-09-21,DIVIDENDE,TTE.PA,TotalEnergies,0,196.68,0.00
2021-09-29,DIVIDENDE,7203.T,Toyota,0,18768.00,0.00
2021-09-29,DIVIDENDE,8306.T,Mitsubishi UFJ,0,32818.50,0.00
2021-10-01,ACHAT,0700.HK,Tencent,37,425.34,5.00
2021-10-01,ACHAT,ALV.DE,Allianz,6,195.30,5.00
2021-10-01,ACHAT,BHP.AX,BHP,102,32.81,5.00
2021-10-01,ACHAT,EMB,iShares J.P. Morgan USD Emerging Markets Bond,27,109.69,5.00
2021-10-01,ACHAT,IBCA.DE,iShares € Govt Bond 1-3 ans,25,143.35,5.00
2021-10-01,ACHAT,IBE.MC,Iberdrola,321,8.73,5.00
2021-10-01,ACHAT,TSM,Taiwan Semiconductor (ADR),17,111.56,5.00
2021-10-01,DIVIDENDE,EMB,iShares J.P. Morgan USD Emerging Markets Bond,0,85.56,0.00
2021-10-01,DIVIDENDE,IEF,iShares 7-10 Year Treasury Bond,0,21.20,0.00
2021-10-01,DIVIDENDE,LQD,iShares iBoxx $ Investment Grade Corporate Bond,0,35.19,0.00
2021-10-01,DIVIDENDE,TIP,iShares TIPS Bond,0,64.80,0.00
2021-10-01,DIVIDENDE,TLT,iShares 20+ Year Treasury Bond,0,25.99,0.00
2021-10-01,VENTE,6861.T,Keyence,3,64980.00,5.00
2021-10-01,VENTE,ASML.AS,ASML,3,632.50,5.00
2021-10-01,VENTE,GOOGL,Alphabet,18,136.54,5.00
2021-10-01,VENTE,MSFT,Microsoft,10,289.10,5.00
2021-10-01,VENTE,PLD,Prologis,24,126.43,5.00
2021-10-05,DIVIDENDE,JPM,JPMorgan Chase,0,120.00,0.00
2021-10-21,DIVIDENDE,PG,Procter & Gamble,0,111.36,0.00
2021-10-22,DIVIDENDE,CAT,Caterpillar,0,97.68,0.00
2021-10-25,DIVIDENDE,RY.TO,Royal Bank of Canada,0,115.56,0.00
2021-10-26,DIVIDENDE,INFY,Infosys (ADR),0,145.67,0.00
2021-11-01,DIVIDENDE,EMB,iShares J.P. Morgan USD Emerging Markets Bond,0,98.45,0.00
2021-11-01,DIVIDENDE,IEF,iShares 7-10 Year Treasury Bond,0,21.46,0.00
2021-11-01,DIVIDENDE,LQD,iShares iBoxx $ Investment Grade Corporate Bond,0,36.16,0.00
2021-11-01,DIVIDENDE,TIP,iShares TIPS Bond,0,18.30,0.00
2021-11-01,DIVIDENDE,TLT,iShares 20+ Year Treasury Bond,0,26.70,0.00
2021-11-02,DIVIDENDE,ASML.AS,ASML,0,34.20,0.00
2021-11-04,DIVIDENDE,ULVR.L,Unilever,0,8905.05,0.00
2021-11-05,DIVIDENDE,AAPL,Apple,0,31.24,0.00
2021-11-10,DIVIDENDE,V,Visa,0,31.88,0.00
2021-11-10,DIVIDENDE,XOM,ExxonMobil,0,282.48,0.00
2021-11-17,DIVIDENDE,MSFT,Microsoft,0,40.92,0.00
2021-11-22,DIVIDENDE,JNJ,Johnson & Johnson,0,116.60,0.00
2021-11-24,DIVIDENDE,NEE,NextEra Energy,0,91.24,0.00
2021-11-30,DIVIDENDE,KO,Coca-Cola,0,146.58,0.00
2021-11-30,DIVIDENDE,MC.PA,LVMH,0,54.00,0.00
2021-12-01,DIVIDENDE,EMB,iShares J.P. Morgan USD Emerging Markets Bond,0,98.18,0.00
2021-12-01,DIVIDENDE,IEF,iShares 7-10 Year Treasury Bond,0,23.32,0.00
2021-12-01,DIVIDENDE,LQD,iShares iBoxx $ Investment Grade Corporate Bond,0,32.98,0.00
2021-12-01,DIVIDENDE,NVDA,Nvidia,0,3.79,0.00
2021-12-01,DIVIDENDE,TIP,iShares TIPS Bond,0,27.90,0.00
2021-12-01,DIVIDENDE,TLT,iShares 20+ Year Treasury Bond,0,26.13,0.00
2021-12-02,DIVIDENDE,LIN,Linde,0,69.96,0.00
2021-12-03,DIVIDENDE,UNH,UnitedHealth,0,73.95,0.00
2021-12-09,DIVIDENDE,CNQ.TO,Canadian Natural Resources,0,165.57,0.00
2021-12-13,DIVIDENDE,PLD,Prologis,0,94.50,0.00
2021-12-16,DIVIDENDE,EMB,iShares J.P. Morgan USD Emerging Markets Bond,0,101.20,0.00
2021-12-16,DIVIDENDE,IEF,iShares 7-10 Year Treasury Bond,0,28.09,0.00
2021-12-16,DIVIDENDE,LQD,iShares iBoxx $ Investment Grade Corporate Bond,0,35.33,0.00
2021-12-16,DIVIDENDE,TIP,iShares TIPS Bond,0,117.90,0.00
2021-12-16,DIVIDENDE,TLT,iShares 20+ Year Treasury Bond,0,23.86,0.00
2021-12-16,DIVIDENDE,TSM,Taiwan Semiconductor (ADR),0,66.96,0.00
2022-01-03,ACHAT,CAT,Caterpillar,9,207.00,5.00
2022-01-03,ACHAT,EUN5.DE,iShares Core € Corp Bond,44,133.60,5.88
2022-01-03,ACHAT,EUNH.DE,iShares Core € Govt Bond,80,130.21,10.42
2022-01-03,ACHAT,EUNW.DE,iShares € High Yield Corp Bond,23,102.62,5.00
2022-01-03,ACHAT,LQD,iShares iBoxx $ Investment Grade Corporate Bond,26,131.11,5.00
2022-01-03,ACHAT,TIP,iShares TIPS Bond,18,128.46,5.00
2022-01-03,ACHAT,ULVR.L,Unilever,32,4219.54,5.00
2022-01-03,DIVIDENDE,TTE.PA,TotalEnergies,0,196.68,0.00
2022-01-03,VENTE,AAPL,Apple,30,182.01,5.00
2022-01-03,VENTE,CNQ.TO,Canadian Natural Resources,52,26.18,5.00
2022-01-03,VENTE,INFY,Infosys (ADR),90,25.26,5.00
2022-01-03,VENTE,LIN,Linde,6,338.64,5.00
2022-01-03,VENTE,NVDA,Nvidia,275,30.12,7.28
2022-01-03,VENTE,PLD,Prologis,27,164.90,5.00
2022-01-03,VENTE,SU.PA,Schneider Electric,16,175.14,5.00
2022-01-03,VENTE,UNH,UnitedHealth,10,502.28,5.00
2022-01-05,DIVIDENDE,JPM,JPMorgan Chase,0,120.00,0.00
2022-01-10,DIVIDENDE,IBE.MC,Iberdrola,0,226.10,0.00
2022-01-13,DIVIDENDE,EUN5.DE,iShares Core € Corp Bond,0,178.24,0.00
2022-01-13,DIVIDENDE,EUNH.DE,iShares Core € Govt Bond,0,74.45,0.00
2022-01-19,DIVIDENDE,CAT,Caterpillar,0,107.67,0.00
2022-01-20,DIVIDENDE,PG,Procter & Gamble,0,111.36,0.00
2022-01-25,DIVIDENDE,RY.TO,Royal Bank of Canada,0,128.40,0.00
2022-02-01,DIVIDENDE,EMB,iShares J.P. Morgan USD Emerging Markets Bond,0,102.58,0.00
2022-02-01,DIVIDENDE,IEF,iShares 7-10 Year Treasury Bond,0,28.62,0.00
2022-02-01,DIVIDENDE,LQD,iShares iBoxx $ Investment Grade Corporate Bond,0,39.69,0.00
2022-02-01,DIVIDENDE,TIP,iShares TIPS Bond,0,73.75,0.00
2022-02-01,DIVIDENDE,TLT,iShares 20+ Year Treasury Bond,0,28.12,0.00
2022-02-04,DIVIDENDE,AAPL,Apple,0,24.64,0.00
2022-02-09,DIVIDENDE,XOM,ExxonMobil,0,282.48,0.00
2022-02-10,DIVIDENDE,V,Visa,0,31.88,0.00
2022-02-16,DIVIDENDE,MSFT,Microsoft,0,40.92,0.00
2022-02-18,DIVIDENDE,JNJ,Johnson & Johnson,0,116.60,0.00
2022-02-24,DIVIDENDE,AZN.L,AstraZeneca,0,16418.90,0.00
2022-02-24,DIVIDENDE,BHP.AX,BHP,0,884.24,0.00
2022-02-24,DIVIDENDE,ULVR.L,Unilever,0,10211.67,0.00
2022-02-28,DIVIDENDE,NEE,NextEra Energy,0,100.72,0.00
2022-03-01,DIVIDENDE,EMB,iShares J.P. Morgan USD Emerging Markets Bond,0,97.90,0.00
2022-03-01,DIVIDENDE,IEF,iShares 7-10 Year Treasury Bond,0,26.76,0.00
2022-03-01,DIVIDENDE,LQD,iShares iBoxx $ Investment Grade Corporate Bond,0,41.98,0.00
2022-03-01,DIVIDENDE,TIP,iShares TIPS Bond,0,38.47,0.00
2022-03-01,DIVIDENDE,TLT,iShares 20+ Year Treasury Bond,0,26.27,0.00
2022-03-02,DIVIDENDE,NVDA,Nvidia,0,2.69,0.00
2022-03-10,DIVIDENDE,HSBA.L,HSBC,0,33883.70,0.00
2022-03-10,DIVIDENDE,LIN,Linde,0,70.20,0.00
2022-03-11,DIVIDENDE,UNH,UnitedHealth,0,59.45,0.00
2022-03-14,DIVIDENDE,KO,Coca-Cola,0,153.56,0.00
2022-03-16,DIVIDENDE,TSM,Taiwan Semiconductor (ADR),0,66.15,0.00
2022-03-17,DIVIDENDE,6861.T,Keyence,0,2400.00,0.00
2022-03-17,DIVIDENDE,CNQ.TO,Canadian Natural Resources,0,192.09,0.00
2022-03-17,DIVIDENDE,EUNW.DE,iShares € High Yield Corp Bond,0,283.29,0.00
2022-03-17,DIVIDENDE,PLD,Prologis,0,97.17,0.00
2022-03-22,DIVIDENDE,TTE.PA,TotalEnergies,0,196.68,0.00
2022-03-30,DIVIDENDE,7203.T,Toyota,0,21896.00,0.00
2022-03-30,DIVIDENDE,8306.T,Mitsubishi UFJ,0,35249.50,0.00
2022-04-01,ACHAT,0700.HK,Tencent,44,359.78,5.00
2022-04-01,ACHAT,6861.T,Keyence,5,58160.00,5.00
2022-04-01,ACHAT,AMZN,Amazon,12,163.56,5.00
2022-04-01,ACHAT,EMB,iShares J.P. Morgan USD Emerging Markets Bond,46,97.73,5.00
2022-04-01,ACHAT,IEF,iShares 7-10 Year Treasury Bond,29,106.65,5.00
2022-04-01,ACHAT,JPM,JPMorgan Chase,25,135.31,5.00
2022-04-01,ACHAT,SAP.DE,SAP,29,99.75,5.00
2022-04-01,ACHAT,SU.PA,Schneider Electric,8,154.38,5.00
2022-04-01,ACHAT,TLT,iShares 20+ Year Treasury Bond,16,132.38,5.00
2022-04-01,ACHAT,TSM,Taiwan Semiconductor (ADR),17,102.79,5.00
2022-04-01,ACHAT,ULVR.L,Unilever,31,3751.65,5.00
2022-04-01,DIVIDENDE,EMB,iShares J.P. Morgan USD Emerging Markets Bond,0,105.32,0.00
2022-04-01,DIVIDENDE,IEF,iShares 7-10 Year Treasury Bond,0,32.06,0.00
2022-04-01,DIVIDENDE,LQD,iShares iBoxx $ Investment Grade Corporate Bond,0,41.82,0.00
2022-04-01,DIVIDENDE,TIP,iShares TIPS Bond,0,134.06,0.00
2022-04-01,DIVIDENDE,TLT,iShares 20+ Year Treasury Bond,0,28.68,0.00
2022-04-01,VENTE,8306.T,Mitsubishi UFJ,224,770.70,5.00
2022-04-01,VENTE,BHP.AX,BHP,125,46.65,5.00
2022-04-01,VENTE,CNQ.TO,Canadian Natural Resources,184,38.63,5.14
2022-04-01,VENTE,HSBA.L,HSBC,443,528.90,5.00
2022-04-01,VENTE,KO,Coca-Cola,36,62.87,5.00
2022-04-01,VENTE,RY.TO,Royal Bank of Canada,11,137.32,5.00
2022-04-01,VENTE,TTE.PA,TotalEnergies,28,46.76,5.00
2022-04-01,VENTE,XOM,ExxonMobil,84,83.12,6.31
2022-04-05,DIVIDENDE,JPM,JPMorgan Chase,0,145.00,0.00
2022-04-11,DIVIDENDE,NESN.SW,Nestlé,0,341.60,0.00
2022-04-21,DIVIDENDE,PG,Procter & Gamble,0,116.86,0.00
2022-04-22,DIVIDENDE,CAT,Caterpillar,0,107.67,0.00
2022-04-22,DIVIDENDE,RY.TO,Royal Bank of Canada,0,115.20,0.00
2022-04-26,DIVIDENDE,MC.PA,LVMH,0,126.00,0.00
2022-05-02,DIVIDENDE,EMB,iShares J.P. Morgan USD Emerging Markets Bond,0,116.84,0.00
2022-05-02,DIVIDENDE,IEF,iShares 7-10 Year Treasury Bond,0,36.75,0.00
2022-05-02,DIVIDENDE,LQD,iShares iBoxx $ Investment Grade Corporate Bond,0,41.66,0.00
2022-05-02,DIVIDENDE,TIP,iShares TIPS Bond,0,157.58,0.00
2022-05-02,DIVIDENDE,TLT,iShares 20+ Year Treasury Bond,0,32.07,0.00
2022-05-03,DIVIDENDE,ASML.AS,ASML,0,70.30,0.00
2022-05-05,DIVIDENDE,ALV.DE,Allianz,0,637.20,0.00
2022-05-06,DIVIDENDE,AAPL,Apple,0,25.76,0.00
2022-05-06,DIVIDENDE,SAN.PA,Sanofi,0,446.22,0.00
2022-05-12,DIVIDENDE,V,Visa,0,31.88,0.00
2022-05-12,DIVIDENDE,XOM,ExxonMobil,0,208.56,0.00
2022-05-16,DIVIDENDE,AI.PA,Air Liquide,0,228.78,0.00
2022-05-17,DIVIDENDE,SU.PA,Schneider Electric,0,234.90,0.00
2022-05-18,DIVIDENDE,MSFT,Microsoft,0,40.92,0.00
2022-05-19,DIVIDENDE,SAP.DE,SAP,0,308.70,0.00
2022-05-19,DIVIDENDE,ULVR.L,Unilever,0,11429.66,0.00
2022-05-20,DIVIDENDE,0700.HK,Tencent,0,364.80,0.00
2022-05-23,DIVIDENDE,JNJ,Johnson & Johnson,0,124.30,0.00
2022-05-27,DIVIDENDE,NEE,NextEra Energy,0,100.72,0.00
2022-05-31,DIVIDENDE,INFY,Infosys (ADR),0,134.82,0.00
2022-06-01,DIVIDENDE,EMB,iShares J.P. Morgan USD Emerging Markets Bond,0,107.54,0.00
2022-06-01,DIVIDENDE,IEF,iShares 7-10 Year Treasury Bond,0,37.93,0.00
2022-06-01,DIVIDENDE,LQD,iShares iBoxx $ Investment Grade Corporate Bond,0,44.94,0.00
2022-06-01,DIVIDENDE,TIP,iShares TIPS Bond,0,229.66,0.00
2022-06-01,DIVIDENDE,TLT,iShares 20+ Year Treasury Bond,0,32.71,0.00
2022-06-02,DIVIDENDE,LIN,Linde,0,70.20,0.00
2022-06-08,DIVIDENDE,NVDA,Nvidia,0,2.69,0.00
2022-06-09,DIVIDENDE,IBE.MC,Iberdrola,0,6.65,0.00
2022-06-14,DIVIDENDE,KO,Coca-Cola,0,137.72,0.00
2022-06-15,DIVIDENDE,PLD,Prologis,0,97.17,0.00
2022-06-16,DIVIDENDE,CNQ.TO,Canadian Natural Resources,0,124.51,0.00
2022-06-16,DIVIDENDE,TSM,Taiwan Semiconductor (ADR),0,70.98,0.00
2022-06-16,DIVIDENDE,UNH,UnitedHealth,0,67.65,0.00
2022-06-21,DIVIDENDE,TTE.PA,TotalEnergies,0,178.20,0.00
2022-07-01,ACHAT,6861.T,Keyence,7,45610.00,5.00
2022-07-01,ACHAT,AMZN,Amazon,37,109.56,5.00
2022-07-01,ACHAT,ASML.AS,ASML,8,431.25,5.00
2022-07-01,ACHAT,BHP.AX,BHP,33,40.05,5.00
2022-07-01,ACHAT,GOOGL,Alphabet,19,108.74,5.00
2022-07-01,ACHAT,INFY,Infosys (ADR),90,18.85,5.00
2022-07-01,ACHAT,MC.PA,LVMH,2,580.00,5.00
2022-07-01,ACHAT,NVDA,Nvidia,516,14.52,7.15
2022-07-01,ACHAT,PLD,Prologis,20,120.03,5.00
2022-07-01,ACHAT,SU.PA,Schneider Electric,24,111.26,5.00
2022-07-01,ACHAT,TSM,Taiwan Semiconductor (ADR),27,77.00,5.00
2022-07-01,DIVIDENDE,EMB,iShares J.P. Morgan USD Emerging Markets Bond,0,115.88,0.00
2022-07-01,DIVIDENDE,IEF,iShares 7-10 Year Treasury Bond,0,45.57,0.00
2022-07-01,DIVIDENDE,LQD,iShares iBoxx $ Investment Grade Corporate Bond,0,48.71,0.00
2022-07-01,DIVIDENDE,TIP,iShares TIPS Bond,0,94.92,0.00
2022-07-01,DIVIDENDE,TLT,iShares 20+ Year Treasury Bond,0,35.87,0.00
2022-07-01,VENTE,4GLD.DE,Xetra-Gold (or physique),108,55.79,6.03
2022-07-01,VENTE,AZN.L,AstraZeneca,19,10754.00,5.00
2022-07-01,VENTE,IBE.MC,Iberdrola,196,10.34,5.00
2022-07-01,VENTE,JNJ,Johnson & Johnson,13,179.52,5.00
2022-07-01,VENTE,KO,Coca-Cola,44,64.38,5.00
2022-07-01,VENTE,NEE,NextEra Energy,22,80.56,5.00
2022-07-01,VENTE,SAN.PA,Sanofi,13,97.52,5.00
2022-07-01,VENTE,TTE.PA,TotalEnergies,36,50.15,5.00
2022-07-01,VENTE,ULVR.L,Unilever,34,4063.94,5.00
2022-07-01,VENTE,UNH,UnitedHealth,7,517.40,5.00
2022-07-01,VENTE,XOM,ExxonMobil,39,87.55,5.00
2022-07-05,DIVIDENDE,JPM,JPMorgan Chase,0,145.00,0.00
2022-07-08,DIVIDENDE,IBE.MC,Iberdrola,0,310.72,0.00
2022-07-14,DIVIDENDE,EUN5.DE,iShares Core € Corp Bond,0,231.62,0.00
2022-07-14,DIVIDENDE,EUNH.DE,iShares Core € Govt Bond,0,96.37,0.00
2022-07-19,DIVIDENDE,CAT,Caterpillar,0,116.40,0.00
2022-07-21,DIVIDENDE,PG,Procter & Gamble,0,116.86,0.00
2022-07-25,DIVIDENDE,RY.TO,Royal Bank of Canada,0,122.88,0.00
2022-08-01,DIVIDENDE,EMB,iShares J.P. Morgan USD Emerging Markets Bond,0,111.07,0.00
2022-08-01,DIVIDENDE,IEF,iShares 7-10 Year Treasury Bond,0,54.10,0.00
2022-08-01,DIVIDENDE,LQD,iShares iBoxx $ Investment Grade Corporate Bond,0,45.26,0.00
2022-08-01,DIVIDENDE,TIP,iShares TIPS Bond,0,193.87,0.00
2022-08-01,DIVIDENDE,TLT,iShares 20+ Year Treasury Bond,0,33.65,0.00
2022-08-04,DIVIDENDE,ASML.AS,ASML,0,36.99,0.00
2022-08-04,DIVIDENDE,ULVR.L,Unilever,0,10176.95,0.00
2022-08-05,DIVIDENDE,AAPL,Apple,0,25.76,0.00
2022-08-11,DIVIDENDE,AZN.L,AstraZeneca,0,7181.60,0.00
2022-08-11,DIVIDENDE,V,Visa,0,31.88,0.00
2022-08-11,DIVIDENDE,XOM,ExxonMobil,0,174.24,0.00
2022-08-17,DIVIDENDE,MSFT,Microsoft,0,40.92,0.00
2022-08-18,DIVIDENDE,HSBA.L,HSBC,0,15835.14,0.00
2022-08-22,DIVIDENDE,CNQ.TO,Canadian Natural Resources,0,254.25,0.00
2022-08-22,DIVIDENDE,JNJ,Johnson & Johnson,0,109.61,0.00
2022-08-29,DIVIDENDE,NEE,NextEra Energy,0,91.38,0.00
2022-09-01,DIVIDENDE,BHP.AX,BHP,0,849.76,0.00
2022-09-01,DIVIDENDE,EMB,iShares J.P. Morgan USD Emerging Markets Bond,0,100.15,0.00
2022-09-01,DIVIDENDE,IEF,iShares 7-10 Year Treasury Bond,0,52.63,0.00
2022-09-01,DIVIDENDE,LIN,Linde,0,70.20,0.00
2022-09-01,DIVIDENDE,LQD,iShares iBoxx $ Investment Grade Corporate Bond,0,49.86,0.00
2022-09-01,DIVIDENDE,TIP,iShares TIPS Bond,0,241.58,0.00
2022-09-01,DIVIDENDE,TLT,iShares 20+ Year Treasury Bond,0,37.29,0.00
2022-09-07,DIVIDENDE,NVDA,Nvidia,0,4.76,0.00
2022-09-09,DIVIDENDE,UNH,UnitedHealth,0,56.10,0.00
2022-09-14,DIVIDENDE,PLD,Prologis,0,112.97,0.00
2022-09-15,DIVIDENDE,CNQ.TO,Canadian Natural Resources,0,127.12,0.00
2022-09-15,DIVIDENDE,EUNW.DE,iShares € High Yield Corp Bond,0,330.15,0.00
2022-09-15,DIVIDENDE,KO,Coca-Cola,0,118.36,0.00
2022-09-15,DIVIDENDE,TSM,Taiwan Semiconductor (ADR),0,80.19,0.00
2022-09-16,DIVIDENDE,6861.T,Keyence,0,5400.00,0.00
2022-09-21,DIVIDENDE,TTE.PA,TotalEnergies,0,161.46,0.00
2022-09-29,DIVIDENDE,7203.T,Toyota,0,19550.00,0.00
2022-09-29,DIVIDENDE,8306.T,Mitsubishi UFJ,0,35312.00,0.00
2022-10-03,ACHAT,0700.HK,Tencent,36,250.55,5.00
2022-10-03,ACHAT,8306.T,Mitsubishi UFJ,311,648.00,5.00
2022-10-03,ACHAT,AI.PA,Air Liquide,13,97.36,5.00
2022-10-03,ACHAT,ALV.DE,Allianz,12,161.54,5.00
2022-10-03,ACHAT,SAN.PA,Sanofi,23,79.80,5.00
2022-10-03,DIVIDENDE,EMB,iShares J.P. Morgan USD Emerging Markets Bond,0,119.09,0.00
2022-10-03,DIVIDENDE,IEF,iShares 7-10 Year Treasury Bond,0,54.98,0.00
2022-10-03,DIVIDENDE,LQD,iShares iBoxx $ Investment Grade Corporate Bond,0,55.60,0.00
2022-10-03,DIVIDENDE,TLT,iShares 20+ Year Treasury Bond,0,38.55,0.00
2022-10-03,VENTE,AMZN,Amazon,20,115.88,5.00
2022-10-03,VENTE,IEF,iShares 7-10 Year Treasury Bond,32,96.94,5.00
2022-10-03,VENTE,NEE,NextEra Energy,19,81.19,5.00
2022-10-03,VENTE,UNH,UnitedHealth,3,515.51,5.00
2022-10-03,VENTE,XOM,ExxonMobil,25,91.92,5.00
2022-10-05,DIVIDENDE,JPM,JPMorgan Chase,0,145.00,0.00
2022-10-20,DIVIDENDE,PG,Procter & Gamble,0,116.86,0.00
2022-10-21,DIVIDENDE,CAT,Caterpillar,0,116.40,0.00
2022-10-25,DIVIDENDE,RY.TO,Royal Bank of Canada,0,122.88,0.00
2022-10-27,DIVIDENDE,INFY,Infosys (ADR),0,147.13,0.00
2022-11-01,DIVIDENDE,EMB,iShares J.P. Morgan USD Emerging Markets Bond,0,122.62,0.00
2022-11-01,DIVIDENDE,IEF,iShares 7-10 Year Treasury Bond,0,53.19,0.00
2022-11-01,DIVIDENDE,LQD,iShares iBoxx $ Investment Grade Corporate Bond,0,50.35,0.00
2022-11-01,DIVIDENDE,TLT,iShares 20+ Year Treasury Bond,0,37.29,0.00
2022-11-03,DIVIDENDE,ASML.AS,ASML,0,36.99,0.00
2022-11-04,DIVIDENDE,AAPL,Apple,0,25.76,0.00
2022-11-09,DIVIDENDE,V,Visa,0,38.25,0.00
2022-11-14,DIVIDENDE,XOM,ExxonMobil,0,157.43,0.00
2022-11-16,DIVIDENDE,MSFT,Microsoft,0,44.88,0.00
2022-11-17,DIVIDENDE,ULVR.L,Unilever,0,10426.25,0.00
2022-11-21,DIVIDENDE,JNJ,Johnson & Johnson,0,109.61,0.00
2022-11-23,DIVIDENDE,NEE,NextEra Energy,0,83.30,0.00
2022-11-30,DIVIDENDE,KO,Coca-Cola,0,118.36,0.00
2022-11-30,DIVIDENDE,NVDA,Nvidia,0,4.76,0.00
2022-12-01,DIVIDENDE,EMB,iShares J.P. Morgan USD Emerging Markets Bond,0,108.82,0.00
2022-12-01,DIVIDENDE,IEF,iShares 7-10 Year Treasury Bond,0,50.83,0.00
2022-12-01,DIVIDENDE,LIN,Linde,0,70.20,0.00
2022-12-01,DIVIDENDE,LQD,iShares iBoxx $ Investment Grade Corporate Bond,0,56.42,0.00
2022-12-01,DIVIDENDE,MC.PA,LVMH,0,100.00,0.00
2022-12-01,DIVIDENDE,TIP,iShares TIPS Bond,0,22.01,0.00
2022-12-01,DIVIDENDE,TLT,iShares 20+ Year Treasury Bond,0,38.55,0.00
2022-12-02,DIVIDENDE,UNH,UnitedHealth,0,51.15,0.00
2022-12-06,DIVIDENDE,TTE.PA,TotalEnergies,0,234.00,0.00
2022-12-15,DIVIDENDE,CNQ.TO,Canadian Natural Resources,0,144.07,0.00
2022-12-15,DIVIDENDE,EMB,iShares J.P. Morgan USD Emerging Markets Bond,0,109.14,0.00
2022-12-15,DIVIDENDE,IEF,iShares 7-10 Year Treasury Bond,0,50.30,0.00
2022-12-15,DIVIDENDE,LQD,iShares iBoxx $ Investment Grade Corporate Bond,0,54.45,0.00
2022-12-15,DIVIDENDE,TIP,iShares TIPS Bond,0,58.63,0.00
2022-12-15,DIVIDENDE,TLT,iShares 20+ Year Treasury Bond,0,41.24,0.00
2022-12-15,DIVIDENDE,TSM,Taiwan Semiconductor (ADR),0,80.73,0.00
2022-12-16,DIVIDENDE,PLD,Prologis,0,112.97,0.00
2023-01-02,ACHAT,7203.T,Toyota,122,1812.50,5.00
2023-01-02,ACHAT,AAPL,Apple,23,129.93,5.00
2023-01-02,ACHAT,AMZN,Amazon,72,84.00,5.65
2023-01-02,ACHAT,EUNH.DE,iShares Core € Govt Bond,72,106.93,7.70
2023-01-02,ACHAT,GOOGL,Alphabet,41,88.23,5.00
2023-01-02,ACHAT,IEF,iShares 7-10 Year Treasury Bond,32,95.78,5.00
2023-01-02,ACHAT,MSFT,Microsoft,7,239.82,5.00
2023-01-02,ACHAT,TLT,iShares 20+ Year Treasury Bond,30,99.56,5.00
2023-01-02,DIVIDENDE,TTE.PA,TotalEnergies,0,161.46,0.00
2023-01-02,VENTE,0700.HK,Tencent,33,317.23,5.00
2023-01-02,VENTE,6861.T,Keyence,4,51420.00,5.00
2023-01-02,VENTE,8306.T,Mitsubishi UFJ,673,889.00,5.00
2023-01-02,VENTE,AI.PA,Air Liquide,13,111.57,5.00
2023-01-02,VENTE,ALV.DE,Allianz,13,203.05,5.00
2023-01-02,VENTE,ASML.AS,ASML,4,516.90,5.00
2023-01-02,VENTE,BHP.AX,BHP,31,45.63,5.00
2023-01-02,VENTE,CAT,Caterpillar,23,239.56,5.14
2023-01-02,VENTE,JPM,JPMorgan Chase,13,134.10,5.00
2023-01-02,VENTE,LIN,Linde,6,326.18,5.00
2023-01-02,VENTE,MC.PA,LVMH,3,694.10,5.00
2023-01-02,VENTE,PG,Procter & Gamble,11,151.56,5.00
2023-01-02,VENTE,SAN.PA,Sanofi,16,91.68,5.00
2023-01-02,VENTE,SU.PA,Schneider Electric,16,132.74,5.00
2023-01-02,VENTE,TTE.PA,TotalEnergies,39,60.02,5.00
2023-01-05,DIVIDENDE,JPM,JPMorgan Chase,0,132.00,0.00
2023-01-06,DIVIDENDE,IBE.MC,Iberdrola,0,204.12,0.00
2023-01-12,DIVIDENDE,EUN5.DE,iShares Core € Corp Bond,0,533.39,0.00
2023-01-12,DIVIDENDE,EUNH.DE,iShares Core € Govt Bond,0,268.55,0.00
2023-01-19,DIVIDENDE,CAT,Caterpillar,0,88.80,0.00
2023-01-19,DIVIDENDE,PG,Procter & Gamble,0,106.82,0.00
2023-01-25,DIVIDENDE,RY.TO,Royal Bank of Canada,0,126.72,0.00
2023-02-01,DIVIDENDE,EMB,iShares J.P. Morgan USD Emerging Markets Bond,0,100.15,0.00
2023-02-01,DIVIDENDE,IEF,iShares 7-10 Year Treasury Bond,0,62.33,0.00
2023-02-01,DIVIDENDE,LQD,iShares iBoxx $ Investment Grade Corporate Bond,0,56.09,0.00
2023-02-01,DIVIDENDE,TLT,iShares 20+ Year Treasury Bond,0,51.70,0.00
2023-02-06,DIVIDENDE,ASML.AS,ASML,0,31.51,0.00
2023-02-09,DIVIDENDE,V,Visa,0,38.25,0.00
2023-02-10,DIVIDENDE,AAPL,Apple,0,31.05,0.00
2023-02-13,DIVIDENDE,XOM,ExxonMobil,0,157.43,0.00
2023-02-15,DIVIDENDE,MSFT,Microsoft,0,49.64,0.00
2023-02-17,DIVIDENDE,JNJ,Johnson & Johnson,0,109.61,0.00
2023-02-23,DIVIDENDE,AZN.L,AstraZeneca,0,15303.20,0.00
2023-02-23,DIVIDENDE,ULVR.L,Unilever,0,10678.36,0.00
2023-02-27,DIVIDENDE,NEE,NextEra Energy,0,91.73,0.00
2023-03-01,DIVIDENDE,EMB,iShares J.P. Morgan USD Emerging Markets Bond,0,121.66,0.00
2023-03-01,DIVIDENDE,IEF,iShares 7-10 Year Treasury Bond,0,57.62,0.00
2023-03-01,DIVIDENDE,LQD,iShares iBoxx $ Investment Grade Corporate Bond,0,61.01,0.00
2023-03-01,DIVIDENDE,TLT,iShares 20+ Year Treasury Bond,0,47.00,0.00
2023-03-02,DIVIDENDE,HSBA.L,HSBC,0,37245.25,0.00
2023-03-07,DIVIDENDE,NVDA,Nvidia,0,4.76,0.00
2023-03-09,DIVIDENDE,BHP.AX,BHP,0,411.82,0.00
2023-03-10,DIVIDENDE,UNH,UnitedHealth,0,51.15,0.00
2023-03-13,DIVIDENDE,LIN,Linde,0,68.85,0.00
2023-03-16,DIVIDENDE,CNQ.TO,Canadian Natural Resources,0,152.55,0.00
2023-03-16,DIVIDENDE,EUNW.DE,iShares € High Yield Corp Bond,0,434.82,0.00
2023-03-16,DIVIDENDE,KO,Coca-Cola,0,123.74,0.00
2023-03-16,DIVIDENDE,PLD,Prologis,0,124.41,0.00
2023-03-16,DIVIDENDE,TSM,Taiwan Semiconductor (ADR),0,80.37,0.00
2023-03-17,DIVIDENDE,6861.T,Keyence,0,4800.00,0.00
2023-03-22,DIVIDENDE,TTE.PA,TotalEnergies,0,134.55,0.00
2023-03-30,DIVIDENDE,7203.T,Toyota,0,31640.00,0.00
2023-03-30,DIVIDENDE,8306.T,Mitsubishi UFJ,0,29520.00,0.00
2023-04-03,ACHAT,8306.T,Mitsubishi UFJ,227,861.00,5.00
2023-04-03,ACHAT,EUN5.DE,iShares Core € Corp Bond,55,115.78,6.37
2023-04-03,ACHAT,EUNW.DE,iShares € High Yield Corp Bond,21,90.01,5.00
2023-04-03,ACHAT,IBCI.DE,iShares € Inflation Linked Govt Bond,15,223.89,5.00
2023-04-03,ACHAT,INFY,Infosys (ADR),132,17.42,5.00
2023-04-03,ACHAT,JNJ,Johnson & Johnson,22,156.85,5.00
2023-04-03,ACHAT,KO,Coca-Cola,32,62.40,5.00
2023-04-03,ACHAT,LQD,iShares iBoxx $ Investment Grade Corporate Bond,18,109.93,5.00
2023-04-03,ACHAT,NEE,NextEra Energy,49,76.67,5.00
2023-04-03,ACHAT,UNH,UnitedHealth,7,494.19,5.00
2023-04-03,DIVIDENDE,EMB,iShares J.P. Morgan USD Emerging Markets Bond,0,116.20,0.00
2023-04-03,DIVIDENDE,IEF,iShares 7-10 Year Treasury Bond,0,57.62,0.00
2023-04-03,DIVIDENDE,LQD,iShares iBoxx $ Investment Grade Corporate Bond,0,55.76,0.00
2023-04-03,DIVIDENDE,TIP,iShares TIPS Bond,0,21.34,0.00
2023-04-03,DIVIDENDE,TLT,iShares 20+ Year Treasury Bond,0,50.57,0.00
2023-04-03,VENTE,0700.HK,Tencent,28,388.20,5.00
2023-04-03,VENTE,6861.T,Keyence,3,63680.00,5.00
2023-04-03,VENTE,AAPL,Apple,21,166.17,5.00
2023-04-03,VENTE,AMZN,Amazon,25,102.41,5.00
2023-04-03,VENTE,ASML.AS,ASML,2,617.70,5.00
2023-04-03,VENTE,GOOGL,Alphabet,18,104.36,5.00
2023-04-03,VENTE,MC.PA,LVMH,2,844.10,5.00
2023-04-03,VENTE,MSFT,Microsoft,7,287.23,5.00
2023-04-03,VENTE,NVDA,Nvidia,516,27.97,13.36
2023-04-03,VENTE,SAP.DE,SAP,18,115.60,5.00
2023-04-03,VENTE,TSM,Taiwan Semiconductor (ADR),16,92.84,5.00
2023-04-05,DIVIDENDE,JPM,JPMorgan Chase,0,132.00,0.00
2023-04-20,DIVIDENDE,IBE.MC,Iberdrola,0,5.67,0.00
2023-04-20,DIVIDENDE,PG,Procter & Gamble,0,110.10,0.00
2023-04-21,DIVIDENDE,CAT,Caterpillar,0,88.80,0.00
2023-04-24,DIVIDENDE,NESN.SW,Nestlé,0,359.90,0.00
2023-04-24,DIVIDENDE,RY.TO,Royal Bank of Canada,0,126.72,0.00
2023-04-25,DIVIDENDE,MC.PA,LVMH,0,105.00,0.00
2023-04-28,DIVIDENDE,ASML.AS,ASML,0,35.49,0.00
2023-05-01,DIVIDENDE,EMB,iShares J.P. Morgan USD Emerging Markets Bond,0,112.35,0.00
2023-05-01,DIVIDENDE,IEF,iShares 7-10 Year Treasury Bond,0,70.27,0.00
2023-05-01,DIVIDENDE,LQD,iShares iBoxx $ Investment Grade Corporate Bond,0,67.70,0.00
2023-05-01,DIVIDENDE,TIP,iShares TIPS Bond,0,95.59,0.00
2023-05-01,DIVIDENDE,TLT,iShares 20+ Year Treasury Bond,0,50.38,0.00
2023-05-05,DIVIDENDE,ALV.DE,Allianz,0,661.20,0.00
2023-05-09,DIVIDENDE,SU.PA,Schneider Electric,0,280.35,0.00
2023-05-11,DIVIDENDE,HSBA.L,HSBC,0,15947.04,0.00
2023-05-11,DIVIDENDE,V,Visa,0,38.25,0.00
2023-05-12,DIVIDENDE,AAPL,Apple,0,27.36,0.00
2023-05-12,DIVIDENDE,SAP.DE,SAP,0,221.40,0.00
2023-05-15,DIVIDENDE,AI.PA,Air Liquide,0,255.99,0.00
2023-05-15,DIVIDENDE,XOM,ExxonMobil,0,157.43,0.00
2023-05-17,DIVIDENDE,MSFT,Microsoft,0,44.88,0.00
2023-05-18,DIVIDENDE,ULVR.L,Unilever,0,10597.14,0.00
2023-05-19,DIVIDENDE,0700.HK,Tencent,0,487.20,0.00
2023-05-22,DIVIDENDE,JNJ,Johnson & Johnson,0,141.61,0.00
2023-05-26,DIVIDENDE,NEE,NextEra Energy,0,114.66,0.00
2023-05-30,DIVIDENDE,SAN.PA,Sanofi,0,455.68,0.00
2023-06-01,DIVIDENDE,EMB,iShares J.P. Morgan USD Emerging Markets Bond,0,113.31,0.00
2023-06-01,DIVIDENDE,IEF,iShares 7-10 Year Treasury Bond,0,68.21,0.00
2023-06-01,DIVIDENDE,INFY,Infosys (ADR),0,184.03,0.00
2023-06-01,DIVIDENDE,LIN,Linde,0,68.85,0.00
2023-06-01,DIVIDENDE,LQD,iShares iBoxx $ Investment Grade Corporate Bond,0,63.52,0.00
2023-06-01,DIVIDENDE,TIP,iShares TIPS Bond,0,52.58,0.00
2023-06-01,DIVIDENDE,TLT,iShares 20+ Year Treasury Bond,0,51.32,0.00
2023-06-07,DIVIDENDE,NVDA,Nvidia,0,2.69,0.00
2023-06-15,DIVIDENDE,CNQ.TO,Canadian Natural Resources,0,152.55,0.00
2023-06-15,DIVIDENDE,KO,Coca-Cola,0,138.46,0.00
2023-06-15,DIVIDENDE,PLD,Prologis,0,124.41,0.00
2023-06-15,DIVIDENDE,TSM,Taiwan Semiconductor (ADR),0,73.02,0.00
2023-06-15,DIVIDENDE,UNH,UnitedHealth,0,71.44,0.00
2023-06-21,DIVIDENDE,TTE.PA,TotalEnergies,0,144.30,0.00
2023-07-03,ACHAT,0700.HK,Tencent,36,338.00,5.00
2023-07-03,ACHAT,AZN.L,AstraZeneca,10,10374.00,5.00
2023-07-03,ACHAT,BHP.AX,BHP,41,45.26,5.00
2023-07-03,ACHAT,EMB,iShares J.P. Morgan USD Emerging Markets Bond,38,86.36,5.00
2023-07-03,ACHAT,IBCA.DE,iShares € Govt Bond 1-3 ans,33,137.33,5.00
2023-07-03,ACHAT,INFY,Infosys (ADR),97,16.14,5.00
2023-07-03,ACHAT,RY.TO,Royal Bank of Canada,12,126.52,5.00
2023-07-03,ACHAT,TIP,iShares TIPS Bond,25,106.99,5.00
2023-07-03,ACHAT,TTE.PA,TotalEnergies,41,53.50,5.00
2023-07-03,DIVIDENDE,EMB,iShares J.P. Morgan USD Emerging Markets Bond,0,111.07,0.00
2023-07-03,DIVIDENDE,IEF,iShares 7-10 Year Treasury Bond,0,68.21,0.00
2023-07-03,DIVIDENDE,LQD,iShares iBoxx $ Investment Grade Corporate Bond,0,63.34,0.00
2023-07-03,DIVIDENDE,TIP,iShares TIPS Bond,0,84.67,0.00
2023-07-03,DIVIDENDE,TLT,iShares 20+ Year Treasury Bond,0,52.26,0.00
2023-07-03,VENTE,8306.T,Mitsubishi UFJ,236,1085.50,5.00
2023-07-03,VENTE,AAPL,Apple,13,192.46,5.00
2023-07-03,VENTE,AI.PA,Air Liquide,11,135.88,5.00
2023-07-03,VENTE,AMZN,Amazon,34,130.22,5.00
2023-07-03,VENTE,ASML.AS,ASML,2,666.10,5.00
2023-07-03,VENTE,GOOGL,Alphabet,19,119.90,5.00
2023-07-03,VENTE,HSBA.L,HSBC,276,627.60,5.00
2023-07-03,VENTE,MSFT,Microsoft,8,337.99,5.00
2023-07-03,VENTE,NVDA,Nvidia,215,42.41,8.36
2023-07-03,VENTE,SU.PA,Schneider Electric,11,163.20,5.00
2023-07-05,DIVIDENDE,JPM,JPMorgan Chase,0,132.00,0.00
2023-07-07,DIVIDENDE,IBE.MC,Iberdrola,0,358.34,0.00
2023-07-13,DIVIDENDE,EUN5.DE,iShares Core € Corp Bond,0,854.35,0.00
2023-07-13,DIVIDENDE,EUNH.DE,iShares Core € Govt Bond,0,450.18,0.00
2023-07-19,DIVIDENDE,CAT,Caterpillar,0,96.20,0.00
2023-07-20,DIVIDENDE,PG,Procter & Gamble,0,110.10,0.00
2023-07-25,DIVIDENDE,RY.TO,Royal Bank of Canada,0,145.80,0.00
2023-08-01,DIVIDENDE,ASML.AS,ASML,0,27.55,0.00
2023-08-01,DIVIDENDE,EMB,iShares J.P. Morgan USD Emerging Markets Bond,0,124.93,0.00
2023-08-01,DIVIDENDE,IEF,iShares 7-10 Year Treasury Bond,0,71.15,0.00
2023-08-01,DIVIDENDE,LQD,iShares iBoxx $ Investment Grade Corporate Bond,0,67.16,0.00
2023-08-01,DIVIDENDE,TIP,iShares TIPS Bond,0,42.65,0.00
2023-08-01,DIVIDENDE,TLT,iShares 20+ Year Treasury Bond,0,51.70,0.00
2023-08-03,DIVIDENDE,ULVR.L,Unilever,0,10364.62,0.00
2023-08-10,DIVIDENDE,AZN.L,AstraZeneca,0,7467.20,0.00
2023-08-10,DIVIDENDE,HSBA.L,HSBC,0,13825.87,0.00
2023-08-10,DIVIDENDE,V,Visa,0,38.25,0.00
2023-08-11,DIVIDENDE,AAPL,Apple,0,24.24,0.00
2023-08-15,DIVIDENDE,XOM,ExxonMobil,0,157.43,0.00
2023-08-16,DIVIDENDE,MSFT,Microsoft,0,39.44,0.00
2023-08-25,DIVIDENDE,JNJ,Johnson & Johnson,0,141.61,0.00
2023-08-29,DIVIDENDE,NEE,NextEra Energy,0,114.66,0.00
2023-09-01,DIVIDENDE,EMB,iShares J.P. Morgan USD Emerging Markets Bond,0,128.88,0.00
2023-09-01,DIVIDENDE,IEF,iShares 7-10 Year Treasury Bond,0,71.15,0.00
2023-09-01,DIVIDENDE,LIN,Linde,0,68.85,0.00
2023-09-01,DIVIDENDE,LQD,iShares iBoxx $ Investment Grade Corporate Bond,0,68.61,0.00
2023-09-01,DIVIDENDE,TIP,iShares TIPS Bond,0,62.34,0.00
2023-09-01,DIVIDENDE,TLT,iShares 20+ Year Treasury Bond,0,54.33,0.00
2023-09-06,DIVIDENDE,NVDA,Nvidia,0,1.83,0.00
2023-09-07,DIVIDENDE,BHP.AX,BHP,0,428.97,0.00
2023-09-08,DIVIDENDE,UNH,UnitedHealth,0,71.44,0.00
2023-09-14,DIVIDENDE,CNQ.TO,Canadian Natural Resources,0,152.55,0.00
2023-09-14,DIVIDENDE,EUNW.DE,iShares € High Yield Corp Bond,0,567.18,0.00
2023-09-14,DIVIDENDE,KO,Coca-Cola,0,138.46,0.00
2023-09-14,DIVIDENDE,TSM,Taiwan Semiconductor (ADR),0,76.77,0.00
2023-09-15,DIVIDENDE,PLD,Prologis,0,124.41,0.00
2023-09-19,DIVIDENDE,6861.T,Keyence,0,4350.00,0.00
2023-09-20,DIVIDENDE,TTE.PA,TotalEnergies,0,174.64,0.00
2023-09-28,DIVIDENDE,7203.T,Toyota,0,27120.00,0.00
2023-09-28,DIVIDENDE,8306.T,Mitsubishi UFJ,0,37638.00,0.00
2023-10-02,ACHAT,6861.T,Keyence,6,55520.00,5.00
2023-10-02,ACHAT,ASML.AS,ASML,3,556.40,5.00
2023-10-02,ACHAT,MC.PA,LVMH,2,714.90,5.00
2023-10-02,ACHAT,NEE,NextEra Energy,107,52.15,5.28
2023-10-02,ACHAT,PLD,Prologis,25,109.50,5.00
2023-10-02,ACHAT,TLT,iShares 20+ Year Treasury Bond,37,86.93,5.00
2023-10-02,DIVIDENDE,EMB,iShares J.P. Morgan USD Emerging Markets Bond,0,126.73,0.00
2023-10-02,DIVIDENDE,IEF,iShares 7-10 Year Treasury Bond,0,70.27,0.00
2023-10-02,DIVIDENDE,LQD,iShares iBoxx $ Investment Grade Corporate Bond,0,72.62,0.00
2023-10-02,DIVIDENDE,TIP,iShares TIPS Bond,0,33.00,0.00
2023-10-02,DIVIDENDE,TLT,iShares 20+ Year Treasury Bond,0,52.64,0.00
2023-10-02,VENTE,7203.T,Toyota,175,2687.00,5.00
2023-10-02,VENTE,8306.T,Mitsubishi UFJ,317,1288.00,5.00
2023-10-02,VENTE,GOOGL,Alphabet,24,134.17,5.00
2023-10-02,VENTE,INFY,Infosys (ADR),104,17.18,5.00
2023-10-02,VENTE,NVDA,Nvidia,47,44.78,5.00
2023-10-02,VENTE,TTE.PA,TotalEnergies,34,61.55,5.00
2023-10-05,DIVIDENDE,JPM,JPMorgan Chase,0,138.60,0.00
2023-10-19,DIVIDENDE,PG,Procter & Gamble,0,110.10,0.00
2023-10-20,DIVIDENDE,CAT,Caterpillar,0,96.20,0.00
2023-10-24,DIVIDENDE,INFY,Infosys (ADR),0,185.11,0.00
2023-10-25,DIVIDENDE,RY.TO,Royal Bank of Canada,0,145.80,0.00
2023-11-01,DIVIDENDE,ASML.AS,ASML,0,31.90,0.00
2023-11-01,DIVIDENDE,EMB,iShares J.P. Morgan USD Emerging Markets Bond,0,129.96,0.00
2023-11-01,DIVIDENDE,IEF,iShares 7-10 Year Treasury Bond,0,73.21,0.00
2023-11-01,DIVIDENDE,LQD,iShares iBoxx $ Investment Grade Corporate Bond,0,66.25,0.00
2023-11-01,DIVIDENDE,TIP,iShares TIPS Bond,0,87.24,0.00
2023-11-01,DIVIDENDE,TLT,iShares 20+ Year Treasury Bond,0,64.35,0.00
2023-11-08,DIVIDENDE,V,Visa,0,44.20,0.00
2023-11-09,DIVIDENDE,HSBA.L,HSBC,0,13782.38,0.00
2023-11-10,DIVIDENDE,AAPL,Apple,0,24.24,0.00
2023-11-14,DIVIDENDE,XOM,ExxonMobil,0,164.35,0.00
2023-11-15,DIVIDENDE,MSFT,Microsoft,0,43.50,0.00
2023-11-16,DIVIDENDE,ULVR.L,Unilever,0,10406.66,0.00
2023-11-20,DIVIDENDE,JNJ,Johnson & Johnson,0,141.61,0.00
2023-11-22,DIVIDENDE,NEE,NextEra Energy,0,164.74,0.00
2023-11-30,DIVIDENDE,KO,Coca-Cola,0,138.46,0.00
2023-12-01,DIVIDENDE,EMB,iShares J.P. Morgan USD Emerging Markets Bond,0,119.19,0.00
2023-12-01,DIVIDENDE,IEF,iShares 7-10 Year Treasury Bond,0,73.21,0.00
2023-12-01,DIVIDENDE,LIN,Linde,0,68.85,0.00
2023-12-01,DIVIDENDE,LQD,iShares iBoxx $ Investment Grade Corporate Bond,0,71.89,0.00
2023-12-01,DIVIDENDE,TIP,iShares TIPS Bond,0,49.41,0.00
2023-12-01,DIVIDENDE,TLT,iShares 20+ Year Treasury Bond,0,65.02,0.00
2023-12-01,DIVIDENDE,UNH,UnitedHealth,0,71.44,0.00
2023-12-04,DIVIDENDE,MC.PA,LVMH,0,93.50,0.00
2023-12-05,DIVIDENDE,NVDA,Nvidia,0,1.64,0.00
2023-12-07,DIVIDENDE,CNQ.TO,Canadian Natural Resources,0,169.50,0.00
2023-12-14,DIVIDENDE,EMB,iShares J.P. Morgan USD Emerging Markets Bond,0,130.68,0.00
2023-12-14,DIVIDENDE,IEF,iShares 7-10 Year Treasury Bond,0,82.91,0.00
2023-12-14,DIVIDENDE,LQD,iShares iBoxx $ Investment Grade Corporate Bond,0,71.53,0.00
2023-12-14,DIVIDENDE,TLT,iShares 20+ Year Treasury Bond,0,69.97,0.00
2023-12-14,DIVIDENDE,TSM,Taiwan Semiconductor (ADR),0,78.08,0.00
2023-12-15,DIVIDENDE,PLD,Prologis,0,146.16,0.00
2024-01-01,ACHAT,0700.HK,Tencent,47,293.60,5.00
2024-01-01,ACHAT,IEF,iShares 7-10 Year Treasury Bond,41,96.39,5.00
2024-01-01,ACHAT,KO,Coca-Cola,42,58.93,5.00
2024-01-01,ACHAT,NESN.SW,Nestlé,17,97.51,5.00
2024-01-01,ACHAT,PG,Procter & Gamble,21,146.54,5.00
2024-01-01,ACHAT,SAN.PA,Sanofi,16,89.76,5.00
2024-01-01,ACHAT,ULVR.L,Unilever,28,4063.94,5.00
2024-01-01,ACHAT,XOM,ExxonMobil,29,99.98,5.00
2024-01-01,VENTE,AMZN,Amazon,16,151.94,5.00
2024-01-01,VENTE,ASML.AS,ASML,2,681.70,5.00
2024-01-01,VENTE,JPM,JPMorgan Chase,13,170.10,5.00
2024-01-01,VENTE,PLD,Prologis,16,133.30,5.00
2024-01-01,VENTE,SAP.DE,SAP,14,139.48,5.00
2024-01-02,DIVIDENDE,TTE.PA,TotalEnergies,0,149.48,0.00
2024-01-04,DIVIDENDE,JPM,JPMorgan Chase,0,124.95,0.00
2024-01-09,DIVIDENDE,IBE.MC,Iberdrola,0,229.07,0.00
2024-01-11,DIVIDENDE,EUN5.DE,iShares Core € Corp Bond,0,972.05,0.00
2024-01-11,DIVIDENDE,EUNH.DE,iShares Core € Govt Bond,0,603.98,0.00
2024-01-18,DIVIDENDE,PG,Procter & Gamble,0,129.86,0.00
2024-01-19,DIVIDENDE,CAT,Caterpillar,0,96.20,0.00
2024-01-24,DIVIDENDE,RY.TO,Royal Bank of Canada,0,149.04,0.00
2024-02-01,DIVIDENDE,EMB,iShares J.P. Morgan USD Emerging Markets Bond,0,131.75,0.00
2024-02-01,DIVIDENDE,IEF,iShares 7-10 Year Treasury Bond,0,79.06,0.00
2024-02-01,DIVIDENDE,LQD,iShares iBoxx $ Investment Grade Corporate Bond,0,70.80,0.00
2024-02-01,DIVIDENDE,TLT,iShares 20+ Year Treasury Bond,0,69.75,0.00
2024-02-05,DIVIDENDE,ASML.AS,ASML,0,29.00,0.00
2024-02-08,DIVIDENDE,V,Visa,0,44.20,0.00
2024-02-09,DIVIDENDE,AAPL,Apple,0,24.24,0.00
2024-02-13,DIVIDENDE,XOM,ExxonMobil,0,191.90,0.00
2024-02-14,DIVIDENDE,MSFT,Microsoft,0,43.50,0.00
2024-02-16,DIVIDENDE,JNJ,Johnson & Johnson,0,141.61,0.00
2024-02-22,DIVIDENDE,AZN.L,AstraZeneca,0,16224.00,0.00
2024-02-22,DIVIDENDE,ULVR.L,Unilever,0,11364.98,0.00
2024-02-26,DIVIDENDE,NEE,NextEra Energy,0,181.28,0.00
2024-03-01,DIVIDENDE,EMB,iShares J.P. Morgan USD Emerging Markets Bond,0,138.57,0.00
2024-03-01,DIVIDENDE,IEF,iShares 7-10 Year Treasury Bond,0,83.42,0.00
2024-03-01,DIVIDENDE,LQD,iShares iBoxx $ Investment Grade Corporate Bond,0,71.53,0.00
2024-03-01,DIVIDENDE,TLT,iShares 20+ Year Treasury Bond,0,66.38,0.00
2024-03-05,DIVIDENDE,NVDA,Nvidia,0,1.64,0.00
2024-03-07,DIVIDENDE,BHP.AX,BHP,0,376.00,0.00
2024-03-07,DIVIDENDE,HSBA.L,HSBC,0,43027.96,0.00
2024-03-08,DIVIDENDE,UNH,UnitedHealth,0,71.44,0.00
2024-03-13,DIVIDENDE,LIN,Linde,0,75.06,0.00
2024-03-14,DIVIDENDE,CNQ.TO,Canadian Natural Resources,0,177.98,0.00
2024-03-14,DIVIDENDE,EUNW.DE,iShares € High Yield Corp Bond,0,597.40,0.00
2024-03-14,DIVIDENDE,IBCA.DE,iShares € Govt Bond 1-3 ans,0,392.61,0.00
2024-03-14,DIVIDENDE,KO,Coca-Cola,0,166.36,0.00
2024-03-15,DIVIDENDE,PLD,Prologis,0,145.92,0.00
2024-03-18,DIVIDENDE,6861.T,Keyence,0,5250.00,0.00
2024-03-18,DIVIDENDE,TSM,Taiwan Semiconductor (ADR),0,90.30,0.00
2024-03-20,DIVIDENDE,TTE.PA,TotalEnergies,0,149.48,0.00
2024-03-28,DIVIDENDE,7203.T,Toyota,0,32805.00,0.00
2024-03-28,DIVIDENDE,8306.T,Mitsubishi UFJ,0,31139.50,0.00
2024-04-01,ACHAT,AAPL,Apple,25,170.03,5.00
2024-04-01,ACHAT,BHP.AX,BHP,53,44.27,5.00
2024-04-01,ACHAT,EUN5.DE,iShares Core € Corp Bond,54,118.86,6.42
2024-04-01,ACHAT,EUNH.DE,iShares Core € Govt Bond,111,110.82,12.30
2024-04-01,ACHAT,EUNW.DE,iShares € High Yield Corp Bond,25,91.68,5.00
2024-04-01,ACHAT,HSBA.L,HSBC,219,619.00,5.00
2024-04-01,ACHAT,IBCI.DE,iShares € Inflation Linked Govt Bond,16,227.28,5.00
2024-04-01,ACHAT,INFY,Infosys (ADR),120,17.58,5.00
2024-04-01,ACHAT,JNJ,Johnson & Johnson,17,157.78,5.00
2024-04-01,ACHAT,LQD,iShares iBoxx $ Investment Grade Corporate Bond,31,107.47,5.00
2024-04-01,ACHAT,NESN.SW,Nestlé,22,95.75,5.00
2024-04-01,ACHAT,TIP,iShares TIPS Bond,21,106.65,5.00
2024-04-01,ACHAT,UNH,UnitedHealth,5,489.70,5.00
2024-04-01,DIVIDENDE,EMB,iShares J.P. Morgan USD Emerging Markets Bond,0,131.39,0.00
2024-04-01,DIVIDENDE,IEF,iShares 7-10 Year Treasury Bond,0,92.46,0.00
2024-04-01,DIVIDENDE,LQD,iShares iBoxx $ Investment Grade Corporate Bond,0,74.80,0.00
2024-04-01,DIVIDENDE,TIP,iShares TIPS Bond,0,12.54,0.00
2024-04-01,DIVIDENDE,TLT,iShares 20+ Year Treasury Bond,0,70.20,0.00
2024-04-01,VENTE,7203.T,Toyota,93,3639.00,5.00
2024-04-01,VENTE,ALV.DE,Allianz,7,277.80,5.00
2024-04-01,VENTE,AMZN,Amazon,15,180.97,5.00
2024-04-01,VENTE,ASML.AS,ASML,4,892.20,5.00
2024-04-01,VENTE,CAT,Caterpillar,14,363.74,5.00
2024-04-01,VENTE,CNQ.TO,Canadian Natural Resources,43,52.35,5.00
2024-04-01,VENTE,JPM,JPMorgan Chase,11,198.94,5.00
2024-04-01,VENTE,LIN,Linde,7,463.40,5.00
2024-04-01,VENTE,MSFT,Microsoft,7,424.57,5.00
2024-04-01,VENTE,NVDA,Nvidia,173,90.36,14.48
2024-04-01,VENTE,SAP.DE,SAP,15,180.46,5.00
2024-04-01,VENTE,SU.PA,Schneider Electric,10,209.65,5.00
2024-04-01,VENTE,TSM,Taiwan Semiconductor (ADR),41,141.49,5.37
2024-04-01,VENTE,V,Visa,7,278.28,5.00
2024-04-01,VENTE,XOM,ExxonMobil,18,116.99,5.00
2024-04-04,DIVIDENDE,JPM,JPMorgan Chase,0,124.20,0.00
2024-04-18,DIVIDENDE,PG,Procter & Gamble,0,138.97,0.00
2024-04-19,DIVIDENDE,CAT,Caterpillar,0,78.00,0.00
2024-04-22,DIVIDENDE,NESN.SW,Nestlé,0,483.00,0.00
2024-04-23,DIVIDENDE,MC.PA,LVMH,0,127.50,0.00
2024-04-24,DIVIDENDE,RY.TO,Royal Bank of Canada,0,149.04,0.00
2024-04-26,DIVIDENDE,ASML.AS,ASML,0,28.00,0.00
2024-05-01,DIVIDENDE,EMB,iShares J.P. Morgan USD Emerging Markets Bond,0,129.60,0.00
2024-05-01,DIVIDENDE,IEF,iShares 7-10 Year Treasury Bond,0,90.79,0.00
2024-05-01,DIVIDENDE,LQD,iShares iBoxx $ Investment Grade Corporate Bond,0,88.40,0.00
2024-05-01,DIVIDENDE,TIP,iShares TIPS Bond,0,148.30,0.00
2024-05-01,DIVIDENDE,TLT,iShares 20+ Year Treasury Bond,0,69.30,0.00
2024-05-09,DIVIDENDE,ALV.DE,Allianz,0,703.80,0.00
2024-05-09,DIVIDENDE,HSBA.L,HSBC,0,47517.93,0.00
2024-05-09,DIVIDENDE,IBE.MC,Iberdrola,0,5.67,0.00
2024-05-10,DIVIDENDE,AAPL,Apple,0,31.50,0.00
2024-05-13,DIVIDENDE,SAN.PA,Sanofi,0,541.44,0.00
2024-05-14,DIVIDENDE,XOM,ExxonMobil,0,174.80,0.00
2024-05-15,DIVIDENDE,MSFT,Microsoft,0,38.25,0.00
2024-05-16,DIVIDENDE,SAP.DE,SAP,0,173.80,0.00
2024-05-16,DIVIDENDE,ULVR.L,Unilever,0,11449.10,0.00
2024-05-16,DIVIDENDE,V,Visa,0,40.56,0.00
2024-05-17,DIVIDENDE,0700.HK,Tencent,0,972.40,0.00
2024-05-20,DIVIDENDE,AI.PA,Air Liquide,0,248.60,0.00
2024-05-20,DIVIDENDE,JNJ,Johnson & Johnson,0,168.64,0.00
2024-05-28,DIVIDENDE,SU.PA,Schneider Electric,0,238.00,0.00
2024-05-31,DIVIDENDE,INFY,Infosys (ADR),0,327.30,0.00
2024-06-03,DIVIDENDE,EMB,iShares J.P. Morgan USD Emerging Markets Bond,0,130.32,0.00
2024-06-03,DIVIDENDE,IEF,iShares 7-10 Year Treasury Bond,0,92.46,0.00
2024-06-03,DIVIDENDE,LQD,iShares iBoxx $ Investment Grade Corporate Bond,0,86.26,0.00
2024-06-03,DIVIDENDE,NEE,NextEra Energy,0,181.28,0.00
2024-06-03,DIVIDENDE,TIP,iShares TIPS Bond,0,155.58,0.00
2024-06-03,DIVIDENDE,TLT,iShares 20+ Year Treasury Bond,0,69.30,0.00
2024-06-04,DIVIDENDE,LIN,Linde,0,65.33,0.00
2024-06-10,DIVIDENDE,GOOGL,Alphabet,0,27.60,0.00
2024-06-11,DIVIDENDE,NVDA,Nvidia,0,2.38,0.00
2024-06-13,DIVIDENDE,TSM,Taiwan Semiconductor (ADR),0,66.37,0.00
2024-06-14,DIVIDENDE,KO,Coca-Cola,0,166.36,0.00
2024-06-17,DIVIDENDE,CNQ.TO,Canadian Natural Resources,0,155.40,0.00
2024-06-17,DIVIDENDE,PLD,Prologis,0,145.92,0.00
2024-06-17,DIVIDENDE,UNH,UnitedHealth,0,90.30,0.00
2024-06-19,DIVIDENDE,TTE.PA,TotalEnergies,0,159.58,0.00
2024-07-01,ACHAT,7203.T,Toyota,123,3284.00,5.00
2024-07-01,ACHAT,IBCA.DE,iShares € Govt Bond 1-3 ans,32,140.52,5.00
2024-07-01,ACHAT,IEF,iShares 7-10 Year Treasury Bond,41,92.67,5.00
2024-07-01,ACHAT,MC.PA,LVMH,3,712.00,5.00
2024-07-01,ACHAT,PLD,Prologis,42,111.95,5.00
2024-07-01,ACHAT,TLT,iShares 20+ Year Treasury Bond,33,89.91,5.00
2024-07-01,ACHAT,TTE.PA,TotalEnergies,24,63.61,5.00
2024-07-01,DIVIDENDE,EMB,iShares J.P. Morgan USD Emerging Markets Bond,0,136.78,0.00
2024-07-01,DIVIDENDE,IEF,iShares 7-10 Year Treasury Bond,0,95.48,0.00
2024-07-01,DIVIDENDE,LQD,iShares iBoxx $ Investment Grade Corporate Bond,0,80.09,0.00
2024-07-01,DIVIDENDE,TIP,iShares TIPS Bond,0,93.52,0.00
2024-07-01,DIVIDENDE,TLT,iShares 20+ Year Treasury Bond,0,65.47,0.00
2024-07-01,VENTE,0700.HK,Tencent,42,372.40,5.00
2024-07-01,VENTE,AAPL,Apple,25,216.75,5.05
2024-07-01,VENTE,GOOGL,Alphabet,18,182.99,5.00
2024-07-01,VENTE,HSBA.L,HSBC,179,690.90,5.00
2024-07-01,VENTE,NEE,NextEra Energy,40,69.90,5.00
2024-07-01,VENTE,NVDA,Nvidia,62,124.30,7.18
2024-07-01,VENTE,TSM,Taiwan Semiconductor (ADR),20,172.33,5.00
2024-07-04,DIVIDENDE,IBE.MC,Iberdrola,0,398.03,0.00
2024-07-05,DIVIDENDE,JPM,JPMorgan Chase,0,124.20,0.00
2024-07-18,DIVIDENDE,EUN5.DE,iShares Core € Corp Bond,0,1123.29,0.00
2024-07-18,DIVIDENDE,EUNH.DE,iShares Core € Govt Bond,0,820.54,0.00
2024-07-19,DIVIDENDE,PG,Procter & Gamble,0,138.97,0.00
2024-07-22,DIVIDENDE,CAT,Caterpillar,0,84.60,0.00
2024-07-25,DIVIDENDE,RY.TO,Royal Bank of Canada,0,153.36,0.00
2024-07-29,DIVIDENDE,ASML.AS,ASML,0,24.32,0.00
2024-08-01,DIVIDENDE,EMB,iShares J.P. Morgan USD Emerging Markets Bond,0,140.37,0.00
2024-08-01,DIVIDENDE,IEF,iShares 7-10 Year Treasury Bond,0,108.66,0.00
2024-08-01,DIVIDENDE,LQD,iShares iBoxx $ Investment Grade Corporate Bond,0,83.50,0.00
2024-08-01,DIVIDENDE,TIP,iShares TIPS Bond,0,37.02,0.00
2024-08-01,DIVIDENDE,TLT,iShares 20+ Year Treasury Bond,0,81.27,0.00
2024-08-08,DIVIDENDE,AZN.L,AstraZeneca,0,8070.40,0.00
2024-08-08,DIVIDENDE,ULVR.L,Unilever,0,11517.66,0.00
2024-08-09,DIVIDENDE,V,Visa,0,40.56,0.00
2024-08-12,DIVIDENDE,AAPL,Apple,0,25.25,0.00
2024-08-15,DIVIDENDE,HSBA.L,HSBC,0,13442.35,0.00
2024-08-15,DIVIDENDE,MSFT,Microsoft,0,38.25,0.00
2024-08-15,DIVIDENDE,XOM,ExxonMobil,0,174.80,0.00
2024-08-27,DIVIDENDE,JNJ,Johnson & Johnson,0,168.64,0.00
2024-08-30,DIVIDENDE,NEE,NextEra Energy,0,160.68,0.00
2024-09-03,DIVIDENDE,EMB,iShares J.P. Morgan USD Emerging Markets Bond,0,132.11,0.00
2024-09-03,DIVIDENDE,IEF,iShares 7-10 Year Treasury Bond,0,108.29,0.00
2024-09-03,DIVIDENDE,LQD,iShares iBoxx $ Investment Grade Corporate Bond,0,86.26,0.00
2024-09-03,DIVIDENDE,TIP,iShares TIPS Bond,0,6.42,0.00
2024-09-03,DIVIDENDE,TLT,iShares 20+ Year Treasury Bond,0,80.75,0.00
2024-09-04,DIVIDENDE,LIN,Linde,0,65.33,0.00
2024-09-09,DIVIDENDE,GOOGL,Alphabet,0,24.00,0.00
2024-09-12,DIVIDENDE,BHP.AX,BHP,0,439.55,0.00
2024-09-12,DIVIDENDE,EUNW.DE,iShares € High Yield Corp Bond,0,652.09,0.00
2024-09-12,DIVIDENDE,IBCA.DE,iShares € Govt Bond 1-3 ans,0,644.03,0.00
2024-09-12,DIVIDENDE,NVDA,Nvidia,0,1.76,0.00
2024-09-12,DIVIDENDE,TSM,Taiwan Semiconductor (ADR),0,63.85,0.00
2024-09-13,DIVIDENDE,CNQ.TO,Canadian Natural Resources,0,155.40,0.00
2024-09-13,DIVIDENDE,KO,Coca-Cola,0,166.36,0.00
2024-09-16,DIVIDENDE,PLD,Prologis,0,186.24,0.00
2024-09-16,DIVIDENDE,UNH,UnitedHealth,0,90.30,0.00
2024-09-19,DIVIDENDE,6861.T,Keyence,0,6125.00,0.00
2024-09-25,DIVIDENDE,TTE.PA,TotalEnergies,0,178.54,0.00
2024-09-27,DIVIDENDE,7203.T,Toyota,0,30360.00,0.00
2024-09-27,DIVIDENDE,8306.T,Mitsubishi UFJ,0,37975.00,0.00
2024-10-01,ACHAT,7203.T,Toyota,150,2596.00,5.00
2024-10-01,ACHAT,ASML.AS,ASML,3,741.80,5.00
2024-10-01,ACHAT,CNQ.TO,Canadian Natural Resources,59,46.92,5.00
2024-10-01,ACHAT,GOOGL,Alphabet,18,166.99,5.00
2024-10-01,ACHAT,MC.PA,LVMH,2,664.00,5.00
2024-10-01,ACHAT,NESN.SW,Nestlé,23,84.92,5.00
2024-10-01,ACHAT,NVDA,Nvidia,21,117.00,5.00
2024-10-01,DIVIDENDE,EMB,iShares J.P. Morgan USD Emerging Markets Bond,0,138.22,0.00
2024-10-01,DIVIDENDE,IEF,iShares 7-10 Year Treasury Bond,0,107.54,0.00
2024-10-01,DIVIDENDE,LQD,iShares iBoxx $ Investment Grade Corporate Bond,0,87.54,0.00
2024-10-01,DIVIDENDE,TIP,iShares TIPS Bond,0,26.11,0.00
2024-10-01,DIVIDENDE,TLT,iShares 20+ Year Treasury Bond,0,81.53,0.00
2024-10-01,VENTE,0700.HK,Tencent,28,444.60,5.00
2024-10-01,VENTE,4GLD.DE,Xetra-Gold (or physique),73,77.43,5.65
2024-10-01,VENTE,INFY,Infosys (ADR),151,22.39,5.00
2024-10-01,VENTE,NEE,NextEra Energy,40,85.27,5.00
2024-10-01,VENTE,ULVR.L,Unilever,40,5201.84,5.00
2024-10-04,DIVIDENDE,JPM,JPMorgan Chase,0,135.00,0.00
2024-10-18,DIVIDENDE,PG,Procter & Gamble,0,138.97,0.00
2024-10-21,DIVIDENDE,CAT,Caterpillar,0,84.60,0.00
2024-10-24,DIVIDENDE,RY.TO,Royal Bank of Canada,0,153.36,0.00
2024-10-29,DIVIDENDE,ASML.AS,ASML,0,28.88,0.00
2024-10-29,DIVIDENDE,INFY,Infosys (ADR),0,206.50,0.00
2024-11-01,DIVIDENDE,EMB,iShares J.P. Morgan USD Emerging Markets Bond,0,151.50,0.00
2024-11-01,DIVIDENDE,IEF,iShares 7-10 Year Treasury Bond,0,109.79,0.00
2024-11-01,DIVIDENDE,LQD,iShares iBoxx $ Investment Grade Corporate Bond,0,82.00,0.00
2024-11-01,DIVIDENDE,TIP,iShares TIPS Bond,0,19.05,0.00
2024-11-01,DIVIDENDE,TLT,iShares 20+ Year Treasury Bond,0,80.24,0.00
2024-11-07,DIVIDENDE,HSBA.L,HSBC,0,13879.93,0.00
2024-11-07,DIVIDENDE,ULVR.L,Unilever,0,9766.49,0.00
2024-11-08,DIVIDENDE,AAPL,Apple,0,25.25,0.00
2024-11-12,DIVIDENDE,V,Visa,0,46.02,0.00
2024-11-14,DIVIDENDE,XOM,ExxonMobil,0,182.16,0.00
2024-11-21,DIVIDENDE,MSFT,Microsoft,0,42.33,0.00
2024-11-22,DIVIDENDE,NEE,NextEra Energy,0,140.08,0.00
2024-11-26,DIVIDENDE,JNJ,Johnson & Johnson,0,168.64,0.00
2024-11-29,DIVIDENDE,KO,Coca-Cola,0,166.36,0.00
2024-12-02,DIVIDENDE,EMB,iShares J.P. Morgan USD Emerging Markets Bond,0,139.29,0.00
2024-12-02,DIVIDENDE,IEF,iShares 7-10 Year Treasury Bond,0,109.79,0.00
2024-12-02,DIVIDENDE,LQD,iShares iBoxx $ Investment Grade Corporate Bond,0,81.58,0.00
2024-12-02,DIVIDENDE,MC.PA,LVMH,0,121.00,0.00
2024-12-02,DIVIDENDE,TIP,iShares TIPS Bond,0,40.66,0.00
2024-12-02,DIVIDENDE,TLT,iShares 20+ Year Treasury Bond,0,83.85,0.00
2024-12-03,DIVIDENDE,LIN,Linde,0,65.33,0.00
2024-12-05,DIVIDENDE,NVDA,Nvidia,0,1.97,0.00
2024-12-09,DIVIDENDE,GOOGL,Alphabet,0,27.60,0.00
2024-12-09,DIVIDENDE,UNH,UnitedHealth,0,90.30,0.00
2024-12-12,DIVIDENDE,TSM,Taiwan Semiconductor (ADR),0,62.83,0.00
2024-12-13,DIVIDENDE,CNQ.TO,Canadian Natural Resources,0,199.86,0.00
2024-12-16,DIVIDENDE,PLD,Prologis,0,186.24,0.00
2024-12-18,DIVIDENDE,EMB,iShares J.P. Morgan USD Emerging Markets Bond,0,154.01,0.00
2024-12-18,DIVIDENDE,IEF,iShares 7-10 Year Treasury Bond,0,115.81,0.00
2024-12-18,DIVIDENDE,LQD,iShares iBoxx $ Investment Grade Corporate Bond,0,82.00,0.00
2024-12-18,DIVIDENDE,TIP,iShares TIPS Bond,0,34.24,0.00
2024-12-18,DIVIDENDE,TLT,iShares 20+ Year Treasury Bond,0,90.56,0.00
2024-12-30,DIVIDENDE,EMB,iShares J.P. Morgan USD Emerging Markets Bond,0,91.54,0.00
2025-01-02,ACHAT,AI.PA,Air Liquide,12,141.69,5.00
2025-01-02,ACHAT,ASML.AS,ASML,2,690.00,5.00
2025-01-02,ACHAT,AZN.L,AstraZeneca,13,10630.00,5.00
2025-01-02,ACHAT,BHP.AX,BHP,79,39.96,5.00
2025-01-02,ACHAT,JNJ,Johnson & Johnson,17,144.02,5.00
2025-01-02,ACHAT,LIN,Linde,6,414.17,5.00
2025-01-02,ACHAT,NEE,NextEra Energy,36,71.61,5.00
2025-01-02,ACHAT,NESN.SW,Nestlé,29,74.88,5.00
2025-01-02,ACHAT,SAN.PA,Sanofi,16,94.32,5.00
2025-01-02,ACHAT,TTE.PA,TotalEnergies,56,53.73,5.00
2025-01-02,ACHAT,XOM,ExxonMobil,21,107.31,5.00
2025-01-02,DIVIDENDE,TTE.PA,TotalEnergies,0,178.54,0.00
2025-01-02,VENTE,7203.T,Toyota,122,3146.00,5.00
2025-01-02,VENTE,8306.T,Mitsubishi UFJ,178,1846.00,5.00
2025-01-02,VENTE,AAPL,Apple,10,243.85,5.00
2025-01-02,VENTE,AMZN,Amazon,18,220.22,5.00
2025-01-02,VENTE,GOOGL,Alphabet,21,189.43,5.00
2025-01-02,VENTE,HSBA.L,HSBC,173,783.40,5.00
2025-01-02,VENTE,JPM,JPMorgan Chase,16,240.00,5.00
2025-01-02,VENTE,NVDA,Nvidia,37,138.31,5.00
2025-01-02,VENTE,RY.TO,Royal Bank of Canada,9,172.27,5.00
2025-01-02,VENTE,SAP.DE,SAP,15,238.55,5.00
2025-01-02,VENTE,TSM,Taiwan Semiconductor (ADR),14,201.58,5.00
2025-01-02,VENTE,V,Visa,7,314.40,5.00
2025-01-06,DIVIDENDE,JPM,JPMorgan Chase,0,115.00,0.00
2025-01-10,DIVIDENDE,IBE.MC,Iberdrola,0,261.95,0.00
2025-01-16,DIVIDENDE,EUN5.DE,iShares Core € Corp Bond,0,1091.19,0.00
2025-01-16,DIVIDENDE,EUNH.DE,iShares Core € Govt Bond,0,950.61,0.00
2025-01-21,DIVIDENDE,CAT,Caterpillar,0,84.60,0.00
2025-01-24,DIVIDENDE,PG,Procter & Gamble,0,138.97,0.00
2025-01-27,DIVIDENDE,RY.TO,Royal Bank of Canada,0,146.52,0.00
2025-02-03,DIVIDENDE,EMB,iShares J.P. Morgan USD Emerging Markets Bond,0,158.32,0.00
2025-02-03,DIVIDENDE,IEF,iShares 7-10 Year Treasury Bond,0,111.30,0.00
2025-02-03,DIVIDENDE,LQD,iShares iBoxx $ Investment Grade Corporate Bond,0,82.86,0.00
2025-02-03,DIVIDENDE,TLT,iShares 20+ Year Treasury Bond,0,80.50,0.00
2025-02-10,DIVIDENDE,AAPL,Apple,0,22.75,0.00
2025-02-10,DIVIDENDE,ASML.AS,ASML,0,31.92,0.00
2025-02-11,DIVIDENDE,V,Visa,0,41.89,0.00
2025-02-12,DIVIDENDE,XOM,ExxonMobil,0,202.95,0.00
2025-02-18,DIVIDENDE,JNJ,Johnson & Johnson,0,189.72,0.00
2025-02-20,DIVIDENDE,AZN.L,AstraZeneca,0,19656.00,0.00
2025-02-20,DIVIDENDE,MSFT,Microsoft,0,42.33,0.00
2025-02-27,DIVIDENDE,ULVR.L,Unilever,0,10065.11,0.00
2025-02-28,DIVIDENDE,NEE,NextEra Energy,0,174.64,0.00
2025-03-03,DIVIDENDE,EMB,iShares J.P. Morgan USD Emerging Markets Bond,0,138.57,0.00
2025-03-03,DIVIDENDE,IEF,iShares 7-10 Year Treasury Bond,0,103.40,0.00
2025-03-03,DIVIDENDE,LQD,iShares iBoxx $ Investment Grade Corporate Bond,0,88.40,0.00
2025-03-03,DIVIDENDE,TLT,iShares 20+ Year Treasury Bond,0,74.82,0.00
2025-03-06,DIVIDENDE,BHP.AX,BHP,0,375.69,0.00
2025-03-06,DIVIDENDE,HSBA.L,HSBC,0,43711.68,0.00
2025-03-10,DIVIDENDE,GOOGL,Alphabet,0,23.40,0.00
2025-03-10,DIVIDENDE,UNH,UnitedHealth,0,90.30,0.00
2025-03-12,DIVIDENDE,NVDA,Nvidia,0,1.60,0.00
2025-03-13,DIVIDENDE,EUNW.DE,iShares € High Yield Corp Bond,0,617.28,0.00
2025-03-13,DIVIDENDE,IBCA.DE,iShares € Govt Bond 1-3 ans,0,579.41,0.00
2025-03-13,DIVIDENDE,LIN,Linde,0,79.50,0.00
2025-03-14,DIVIDENDE,KO,Coca-Cola,0,174.93,0.00
2025-03-18,DIVIDENDE,6861.T,Keyence,0,6125.00,0.00
2025-03-18,DIVIDENDE,PLD,Prologis,0,195.94,0.00
2025-03-18,DIVIDENDE,TSM,Taiwan Semiconductor (ADR),0,60.19,0.00
2025-03-21,DIVIDENDE,CNQ.TO,Canadian Natural Resources,0,208.74,0.00
2025-03-26,DIVIDENDE,TTE.PA,TotalEnergies,0,222.78,0.00
2025-03-28,DIVIDENDE,7203.T,Toyota,0,39350.00,0.00
2025-03-28,DIVIDENDE,8306.T,Mitsubishi UFJ,0,52299.00,0.00
2025-04-01,ACHAT,6861.T,Keyence,6,57880.00,5.00
2025-04-01,ACHAT,7203.T,Toyota,126,2630.50,5.00
2025-04-01,ACHAT,AMZN,Amazon,16,192.17,5.00
2025-04-01,ACHAT,ASML.AS,ASML,2,619.70,5.00
2025-04-01,ACHAT,CAT,Caterpillar,8,330.57,5.00
2025-04-01,ACHAT,GOOGL,Alphabet,26,157.07,5.00
2025-04-01,ACHAT,INFY,Infosys (ADR),164,18.20,5.00
2025-04-01,ACHAT,MC.PA,LVMH,3,575.10,5.00
2025-04-01,ACHAT,MSFT,Microsoft,7,382.19,5.00
2025-04-01,ACHAT,NVDA,Nvidia,44,110.15,5.00
2025-04-01,ACHAT,TSM,Taiwan Semiconductor (ADR),18,168.64,5.00
2025-04-01,DIVIDENDE,EMB,iShares J.P. Morgan USD Emerging Markets Bond,0,143.60,0.00
2025-04-01,DIVIDENDE,IEF,iShares 7-10 Year Treasury Bond,0,114.30,0.00
2025-04-01,DIVIDENDE,LQD,iShares iBoxx $ Investment Grade Corporate Bond,0,88.82,0.00
2025-04-01,DIVIDENDE,TIP,iShares TIPS Bond,0,151.73,0.00
2025-04-01,DIVIDENDE,TLT,iShares 20+ Year Treasury Bond,0,84.11,0.00
2025-04-01,VENTE,0700.HK,Tencent,30,504.00,5.00
2025-04-01,VENTE,4GLD.DE,Xetra-Gold (or physique),118,93.08,10.98
2025-04-01,VENTE,8306.T,Mitsubishi UFJ,136,1994.00,5.00
2025-04-01,VENTE,AI.PA,Air Liquide,14,161.02,5.00
2025-04-01,VENTE,ALV.DE,Allianz,9,357.00,5.00
2025-04-01,VENTE,HSBA.L,HSBC,186,877.20,5.00
2025-04-01,VENTE,IBE.MC,Iberdrola,152,15.10,5.00
2025-04-01,VENTE,NESN.SW,Nestlé,36,90.16,5.00
2025-04-01,VENTE,SAN.PA,Sanofi,14,102.02,5.00
2025-04-01,VENTE,TTE.PA,TotalEnergies,32,59.49,5.00
2025-04-04,DIVIDENDE,JPM,JPMorgan Chase,0,128.80,0.00
2025-04-21,DIVIDENDE,CAT,Caterpillar,0,95.88,0.00
2025-04-21,DIVIDENDE,PG,Procter & Gamble,0,145.87,0.00
2025-04-22,DIVIDENDE,NESN.SW,Nestlé,0,539.85,0.00
2025-04-24,DIVIDENDE,MC.PA,LVMH,0,187.50,0.00
2025-04-24,DIVIDENDE,RY.TO,Royal Bank of Canada,0,146.52,0.00
2025-04-25,DIVIDENDE,ASML.AS,ASML,0,42.32,0.00
2025-05-01,DIVIDENDE,EMB,iShares J.P. Morgan USD Emerging Markets Bond,0,144.32,0.00
2025-05-01,DIVIDENDE,IEF,iShares 7-10 Year Treasury Bond,0,117.69,0.00
2025-05-01,DIVIDENDE,LQD,iShares iBoxx $ Investment Grade Corporate Bond,0,92.02,0.00
2025-05-01,DIVIDENDE,TIP,iShares TIPS Bond,0,114.49,0.00
2025-05-01,DIVIDENDE,TLT,iShares 20+ Year Treasury Bond,0,84.62,0.00
2025-05-08,DIVIDENDE,HSBA.L,HSBC,0,10416.51,0.00
2025-05-09,DIVIDENDE,ALV.DE,Allianz,0,646.80,0.00
2025-05-12,DIVIDENDE,AAPL,Apple,0,23.66,0.00
2025-05-12,DIVIDENDE,SAN.PA,Sanofi,0,572.32,0.00
2025-05-13,DIVIDENDE,SU.PA,Schneider Electric,0,265.20,0.00
2025-05-13,DIVIDENDE,V,Visa,0,41.89,0.00
2025-05-14,DIVIDENDE,SAP.DE,SAP,0,150.40,0.00
2025-05-15,DIVIDENDE,MSFT,Microsoft,0,48.14,0.00
2025-05-15,DIVIDENDE,ULVR.L,Unilever,0,10363.73,0.00
2025-05-15,DIVIDENDE,XOM,ExxonMobil,0,202.95,0.00
2025-05-16,DIVIDENDE,0700.HK,Tencent,0,837.00,0.00
2025-05-19,DIVIDENDE,AI.PA,Air Liquide,0,276.00,0.00
2025-05-22,DIVIDENDE,IBE.MC,Iberdrola,0,4.91,0.00
2025-05-27,DIVIDENDE,JNJ,Johnson & Johnson,0,198.90,0.00
2025-05-30,DIVIDENDE,INFY,Infosys (ADR),0,254.43,0.00
2025-06-02,DIVIDENDE,EMB,iShares J.P. Morgan USD Emerging Markets Bond,0,145.40,0.00
2025-06-02,DIVIDENDE,IEF,iShares 7-10 Year Treasury Bond,0,116.56,0.00
2025-06-02,DIVIDENDE,LQD,iShares iBoxx $ Investment Grade Corporate Bond,0,84.35,0.00
2025-06-02,DIVIDENDE,NEE,NextEra Energy,0,174.64,0.00
2025-06-02,DIVIDENDE,TIP,iShares TIPS Bond,0,58.42,0.00
2025-06-02,DIVIDENDE,TLT,iShares 20+ Year Treasury Bond,0,82.56,0.00
2025-06-04,DIVIDENDE,LIN,Linde,0,79.50,0.00
2025-06-09,DIVIDENDE,GOOGL,Alphabet,0,30.03,0.00
2025-06-11,DIVIDENDE,NVDA,Nvidia,0,2.04,0.00
2025-06-12,DIVIDENDE,TSM,Taiwan Semiconductor (ADR),0,82.68,0.00
2025-06-13,DIVIDENDE,CNQ.TO,Canadian Natural Resources,0,208.74,0.00
2025-06-13,DIVIDENDE,KO,Coca-Cola,0,174.93,0.00
2025-06-16,DIVIDENDE,UNH,UnitedHealth,0,95.03,0.00
2025-06-17,DIVIDENDE,PLD,Prologis,0,195.94,0.00
2025-06-19,DIVIDENDE,TTE.PA,TotalEnergies,0,212.50,0.00
2025-07-01,ACHAT,AAPL,Apple,23,207.82,5.00
2025-07-01,ACHAT,CNQ.TO,Canadian Natural Resources,48,42.80,5.00
2025-07-01,ACHAT,EMB,iShares J.P. Morgan USD Emerging Markets Bond,52,92.42,5.00
2025-07-01,ACHAT,MC.PA,LVMH,5,469.05,5.00
2025-07-01,ACHAT,PLD,Prologis,29,106.58,5.00
2025-07-01,ACHAT,SAN.PA,Sanofi,26,83.07,5.00
2025-07-01,ACHAT,TLT,iShares 20+ Year Treasury Bond,29,88.14,5.00
2025-07-01,ACHAT,UNH,UnitedHealth,29,326.14,8.02
2025-07-01,DIVIDENDE,EMB,iShares J.P. Morgan USD Emerging Markets Bond,0,136.42,0.00
2025-07-01,DIVIDENDE,IEF,iShares 7-10 Year Treasury Bond,0,113.93,0.00
2025-07-01,DIVIDENDE,LQD,iShares iBoxx $ Investment Grade Corporate Bond,0,85.63,0.00
2025-07-01,DIVIDENDE,TIP,iShares TIPS Bond,0,81.32,0.00
2025-07-01,DIVIDENDE,TLT,iShares 20+ Year Treasury Bond,0,84.62,0.00
2025-07-01,VENTE,CAT,Caterpillar,7,390.92,5.00
2025-07-01,VENTE,IBE.MC,Iberdrola,106,16.39,5.00
2025-07-01,VENTE,JPM,JPMorgan Chase,10,290.41,5.00
2025-07-01,VENTE,MSFT,Microsoft,9,492.05,5.00
2025-07-01,VENTE,NVDA,Nvidia,48,153.30,6.24
2025-07-01,VENTE,SAP.DE,SAP,7,255.60,5.00
2025-07-01,VENTE,TSM,Taiwan Semiconductor (ADR),21,224.68,5.00
2025-07-03,DIVIDENDE,JPM,JPMorgan Chase,0,114.80,0.00
2025-07-04,DIVIDENDE,IBE.MC,Iberdrola,0,358.28,0.00
2025-07-17,DIVIDENDE,EUN5.DE,iShares Core € Corp Bond,0,1040.36,0.00
2025-07-17,DIVIDENDE,EUNH.DE,iShares Core € Govt Bond,0,999.40,0.00
2025-07-18,DIVIDENDE,PG,Procter & Gamble,0,145.87,0.00
2025-07-21,DIVIDENDE,CAT,Caterpillar,0,92.11,0.00
2025-07-24,DIVIDENDE,RY.TO,Royal Bank of Canada,0,152.46,0.00
2025-07-28,DIVIDENDE,ASML.AS,ASML,0,36.80,0.00
2025-08-01,DIVIDENDE,EMB,iShares J.P. Morgan USD Emerging Markets Bond,0,168.92,0.00
2025-08-01,DIVIDENDE,IEF,iShares 7-10 Year Treasury Bond,0,116.18,0.00
2025-08-01,DIVIDENDE,LQD,iShares iBoxx $ Investment Grade Corporate Bond,0,94.57,0.00
2025-08-01,DIVIDENDE,TIP,iShares TIPS Bond,0,56.50,0.00
2025-08-01,DIVIDENDE,TLT,iShares 20+ Year Treasury Bond,0,95.00,0.00
2025-08-07,DIVIDENDE,AZN.L,AstraZeneca,0,8973.90,0.00
2025-08-11,DIVIDENDE,AAPL,Apple,0,29.64,0.00
2025-08-12,DIVIDENDE,V,Visa,0,41.89,0.00
2025-08-14,DIVIDENDE,HSBA.L,HSBC,0,10401.67,0.00
2025-08-14,DIVIDENDE,ULVR.L,Unilever,0,10441.04,0.00
2025-08-15,DIVIDENDE,XOM,ExxonMobil,0,202.95,0.00
2025-08-21,DIVIDENDE,MSFT,Microsoft,0,40.67,0.00
2025-08-26,DIVIDENDE,JNJ,Johnson & Johnson,0,198.90,0.00
2025-08-28,DIVIDENDE,NEE,NextEra Energy,0,174.64,0.00
2025-09-02,DIVIDENDE,EMB,iShares J.P. Morgan USD Emerging Markets Bond,0,165.22,0.00
2025-09-02,DIVIDENDE,IEF,iShares 7-10 Year Treasury Bond,0,118.06,0.00
2025-09-02,DIVIDENDE,LQD,iShares iBoxx $ Investment Grade Corporate Bond,0,81.79,0.00
2025-09-02,DIVIDENDE,TIP,iShares TIPS Bond,0,89.24,0.00
2025-09-02,DIVIDENDE,TLT,iShares 20+ Year Treasury Bond,0,94.14,0.00
2025-09-04,DIVIDENDE,BHP.AX,BHP,0,436.65,0.00
2025-09-04,DIVIDENDE,LIN,Linde,0,79.50,0.00
2025-09-08,DIVIDENDE,GOOGL,Alphabet,0,30.03,0.00
2025-09-11,DIVIDENDE,EUNW.DE,iShares € High Yield Corp Bond,0,558.40,0.00
2025-09-11,DIVIDENDE,IBCA.DE,iShares € Govt Bond 1-3 ans,0,492.92,0.00
2025-09-11,DIVIDENDE,NVDA,Nvidia,0,1.56,0.00
2025-09-15,DIVIDENDE,KO,Coca-Cola,0,174.93,0.00
2025-09-15,DIVIDENDE,UNH,UnitedHealth,0,159.12,0.00
2025-09-16,DIVIDENDE,PLD,Prologis,0,225.23,0.00
2025-09-16,DIVIDENDE,TSM,Taiwan Semiconductor (ADR),0,69.87,0.00
2025-09-18,DIVIDENDE,6861.T,Keyence,0,11275.00,0.00
2025-09-19,DIVIDENDE,CNQ.TO,Canadian Natural Resources,0,236.96,0.00
2025-09-29,DIVIDENDE,7203.T,Toyota,0,41085.00,0.00
2025-09-29,DIVIDENDE,8306.T,Mitsubishi UFJ,0,42175.00,0.00
2025-10-01,ACHAT,6861.T,Keyence,6,55620.00,5.00
2025-10-01,ACHAT,INFY,Infosys (ADR),240,16.37,5.00
2025-10-01,ACHAT,LQD,iShares iBoxx $ Investment Grade Corporate Bond,27,111.51,5.00
2025-10-01,ACHAT,NESN.SW,Nestlé,40,73.88,5.00
2025-10-01,ACHAT,PG,Procter & Gamble,26,153.18,5.00
2025-10-01,ACHAT,SAP.DE,SAP,9,227.80,5.00
2025-10-01,ACHAT,TIP,iShares TIPS Bond,27,111.22,5.00
2025-10-01,ACHAT,TTE.PA,TotalEnergies,45,51.59,5.00
2025-10-01,ACHAT,ULVR.L,Unilever,47,4675.66,5.00
2025-10-01,DIVIDENDE,EMB,iShares J.P. Morgan USD Emerging Markets Bond,0,161.52,0.00
2025-10-01,DIVIDENDE,IEF,iShares 7-10 Year Treasury Bond,0,110.54,0.00
2025-10-01,DIVIDENDE,LQD,iShares iBoxx $ Investment Grade Corporate Bond,0,86.48,0.00
2025-10-01,DIVIDENDE,TIP,iShares TIPS Bond,0,42.37,0.00
2025-10-01,DIVIDENDE,TLT,iShares 20+ Year Treasury Bond,0,88.97,0.00
2025-10-01,DIVIDENDE,TTE.PA,TotalEnergies,0,212.50,0.00
2025-10-01,VENTE,0700.HK,Tencent,28,663.00,5.00
2025-10-01,VENTE,4GLD.DE,Xetra-Gold (or physique),56,105.94,5.93
2025-10-01,VENTE,AAPL,Apple,15,255.45,5.00
2025-10-01,VENTE,ASML.AS,ASML,4,841.40,5.00
2025-10-01,VENTE,CAT,Caterpillar,8,480.82,5.00
2025-10-01,VENTE,GOOGL,Alphabet,40,244.90,8.35
2025-10-01,VENTE,HSBA.L,HSBC,146,1050.80,5.00
2025-10-01,VENTE,JNJ,Johnson & Johnson,17,186.05,5.00
2025-10-01,VENTE,NVDA,Nvidia,21,187.24,5.00
2025-10-01,VENTE,TSM,Taiwan Semiconductor (ADR),15,288.47,5.00
2025-10-06,DIVIDENDE,JPM,JPMorgan Chase,0,123.00,0.00
2025-10-20,DIVIDENDE,CAT,Caterpillar,0,80.03,0.00
2025-10-24,DIVIDENDE,PG,Procter & Gamble,0,173.35,0.00
2025-10-27,DIVIDENDE,INFY,Infosys (ADR),0,318.57,0.00
2025-10-27,DIVIDENDE,RY.TO,Royal Bank of Canada,0,152.46,0.00
2025-10-28,DIVIDENDE,ASML.AS,ASML,0,30.40,0.00
2025-11-03,DIVIDENDE,EMB,iShares J.P. Morgan USD Emerging Markets Bond,0,171.80,0.00
2025-11-03,DIVIDENDE,IEF,iShares 7-10 Year Treasury Bond,0,114.30,0.00
2025-11-03,DIVIDENDE,LQD,iShares iBoxx $ Investment Grade Corporate Bond,0,96.48,0.00
2025-11-03,DIVIDENDE,TIP,iShares TIPS Bond,0,87.00,0.00
2025-11-03,DIVIDENDE,TLT,iShares 20+ Year Treasury Bond,0,93.28,0.00
2025-11-06,DIVIDENDE,HSBA.L,HSBC,0,9520.02,0.00
2025-11-06,DIVIDENDE,ULVR.L,Unilever,0,12549.96,0.00
2025-11-10,DIVIDENDE,AAPL,Apple,0,25.74,0.00
2025-11-12,DIVIDENDE,V,Visa,0,47.57,0.00
2025-11-14,DIVIDENDE,XOM,ExxonMobil,0,211.15,0.00
2025-11-20,DIVIDENDE,MSFT,Microsoft,0,44.59,0.00
2025-11-21,DIVIDENDE,NEE,NextEra Energy,0,174.64,0.00
2025-11-25,DIVIDENDE,JNJ,Johnson & Johnson,0,176.80,0.00
2025-12-01,DIVIDENDE,EMB,iShares J.P. Morgan USD Emerging Markets Bond,0,152.89,0.00
2025-12-01,DIVIDENDE,IEF,iShares 7-10 Year Treasury Bond,0,108.29,0.00
2025-12-01,DIVIDENDE,KO,Coca-Cola,0,174.93,0.00
2025-12-01,DIVIDENDE,LQD,iShares iBoxx $ Investment Grade Corporate Bond,0,99.12,0.00
2025-12-01,DIVIDENDE,TIP,iShares TIPS Bond,0,77.60,0.00
2025-12-01,DIVIDENDE,TLT,iShares 20+ Year Treasury Bond,0,92.13,0.00
2025-12-02,DIVIDENDE,MC.PA,LVMH,0,165.00,0.00
2025-12-03,DIVIDENDE,LIN,Linde,0,79.50,0.00
2025-12-04,DIVIDENDE,NVDA,Nvidia,0,1.35,0.00
2025-12-08,DIVIDENDE,GOOGL,Alphabet,0,21.63,0.00
2025-12-08,DIVIDENDE,UNH,UnitedHealth,0,159.12,0.00
2025-12-11,DIVIDENDE,TSM,Taiwan Semiconductor (ADR),0,58.45,0.00
2025-12-12,DIVIDENDE,CNQ.TO,Canadian Natural Resources,0,236.96,0.00
2025-12-16,DIVIDENDE,PLD,Prologis,0,225.23,0.00
2025-12-19,DIVIDENDE,EMB,iShares J.P. Morgan USD Emerging Markets Bond,0,157.41,0.00
2025-12-19,DIVIDENDE,IEF,iShares 7-10 Year Treasury Bond,0,117.69,0.00
2025-12-19,DIVIDENDE,LQD,iShares iBoxx $ Investment Grade Corporate Bond,0,104.64,0.00
2025-12-19,DIVIDENDE,TIP,iShares TIPS Bond,0,82.42,0.00
2025-12-19,DIVIDENDE,TLT,iShares 20+ Year Treasury Bond,0,98.15,0.00
2025-12-31,DIVIDENDE,TTE.PA,TotalEnergies,0,250.75,0.00
2026-01-02,ACHAT,AI.PA,Air Liquide,16,144.55,5.00
2026-01-02,ACHAT,EUNH.DE,iShares Core € Govt Bond,85,110.18,9.37
2026-01-02,ACHAT,IEF,iShares 7-10 Year Treasury Bond,54,96.08,5.00
2026-01-02,ACHAT,LIN,Linde,7,429.11,5.00
2026-01-02,ACHAT,MSFT,Microsoft,5,472.94,5.00
2026-01-02,ACHAT,PG,Procter & Gamble,18,141.79,5.00
2026-01-02,ACHAT,SAP.DE,SAP,11,201.95,5.00
2026-01-02,VENTE,ASML.AS,ASML,3,986.30,5.00
2026-01-02,VENTE,AZN.L,AstraZeneca,16,13592.00,5.00
2026-01-02,VENTE,CAT,Caterpillar,9,598.41,5.00
2026-01-02,VENTE,GOOGL,Alphabet,20,315.15,5.36
2026-01-02,VENTE,HSBA.L,HSBC,123,1191.80,5.00
2026-01-02,VENTE,MC.PA,LVMH,5,641.80,5.00
2026-01-02,VENTE,PLD,Prologis,22,129.05,5.00
2026-01-02,VENTE,RY.TO,Royal Bank of Canada,18,234.57,5.00
2026-01-06,DIVIDENDE,JPM,JPMorgan Chase,0,123.00,0.00
2026-01-12,DIVIDENDE,IBE.MC,Iberdrola,0,221.63,0.00
2026-01-15,DIVIDENDE,EUN5.DE,iShares Core € Corp Bond,0,1094.02,0.00
2026-01-15,DIVIDENDE,EUNH.DE,iShares Core € Govt Bond,0,1206.72,0.00
2026-01-20,DIVIDENDE,CAT,Caterpillar,0,66.44,0.00
2026-01-23,DIVIDENDE,PG,Procter & Gamble,0,192.37,0.00
2026-01-26,DIVIDENDE,RY.TO,Royal Bank of Canada,0,132.84,0.00
2026-02-02,DIVIDENDE,EMB,iShares J.P. Morgan USD Emerging Markets Bond,0,170.56,0.00
2026-02-02,DIVIDENDE,IEF,iShares 7-10 Year Treasury Bond,0,134.16,0.00
2026-02-02,DIVIDENDE,LQD,iShares iBoxx $ Investment Grade Corporate Bond,0,97.92,0.00
2026-02-02,DIVIDENDE,TLT,iShares 20+ Year Treasury Bond,0,95.28,0.00
2026-02-09,DIVIDENDE,AAPL,Apple,0,25.74,0.00
2026-02-09,DIVIDENDE,ASML.AS,ASML,0,25.60,0.00
2026-02-10,DIVIDENDE,V,Visa,0,47.57,0.00
2026-02-12,DIVIDENDE,XOM,ExxonMobil,0,211.15,0.00
2026-02-19,DIVIDENDE,AZN.L,AstraZeneca,0,16109.50,0.00
2026-02-19,DIVIDENDE,MSFT,Microsoft,0,49.14,0.00
2026-02-24,DIVIDENDE,JNJ,Johnson & Johnson,0,176.80,0.00
2026-02-26,DIVIDENDE,ULVR.L,Unilever,0,11507.68,0.00
2026-02-27,DIVIDENDE,NEE,NextEra Energy,0,191.88,0.00
2026-03-02,DIVIDENDE,EMB,iShares J.P. Morgan USD Emerging Markets Bond,0,165.63,0.00
2026-03-02,DIVIDENDE,IEF,iShares 7-10 Year Treasury Bond,0,121.69,0.00
2026-03-02,DIVIDENDE,LQD,iShares iBoxx $ Investment Grade Corporate Bond,0,91.92,0.00
2026-03-02,DIVIDENDE,TLT,iShares 20+ Year Treasury Bond,0,86.39,0.00
2026-03-05,DIVIDENDE,BHP.AX,BHP,0,493.27,0.00
2026-03-09,DIVIDENDE,GOOGL,Alphabet,0,17.43,0.00
2026-03-09,DIVIDENDE,UNH,UnitedHealth,0,159.12,0.00
2026-03-11,DIVIDENDE,LIN,Linde,0,96.00,0.00
2026-03-11,DIVIDENDE,NVDA,Nvidia,0,1.35,0.00
2026-03-12,DIVIDENDE,HSBA.L,HSBC,0,38130.33,0.00
2026-03-13,DIVIDENDE,KO,Coca-Cola,0,181.79,0.00
2026-03-17,DIVIDENDE,PLD,Prologis,0,215.07,0.00
2026-03-17,DIVIDENDE,TSM,Taiwan Semiconductor (ADR),0,66.92,0.00
2026-03-18,DIVIDENDE,6861.T,Keyence,0,12925.00,0.00
2026-03-19,DIVIDENDE,EUNW.DE,iShares € High Yield Corp Bond,0,538.30,0.00
2026-03-19,DIVIDENDE,IBCA.DE,iShares € Govt Bond 1-3 ans,0,451.71,0.00
2026-03-20,DIVIDENDE,CNQ.TO,Canadian Natural Resources,0,251.88,0.00
2026-03-30,DIVIDENDE,7203.T,Toyota,0,45650.00,0.00
2026-03-30,DIVIDENDE,8306.T,Mitsubishi UFJ,0,61455.00,0.00
2026-03-31,DIVIDENDE,TTE.PA,TotalEnergies,0,250.75,0.00
2026-04-01,ACHAT,0700.HK,Tencent,60,496.60,5.00
2026-04-01,ACHAT,EUN5.DE,iShares Core € Corp Bond,72,118.31,8.52
2026-04-01,ACHAT,EUNW.DE,iShares € High Yield Corp Bond,35,90.04,5.00
2026-04-01,ACHAT,INFY,Infosys (ADR),334,13.30,5.00
2026-04-01,ACHAT,MC.PA,LVMH,8,471.10,5.00
2026-04-01,ACHAT,MSFT,Microsoft,16,369.37,5.11
2026-04-01,ACHAT,SAN.PA,Sanofi,20,82.87,5.00
2026-04-01,ACHAT,SAP.DE,SAP,30,148.86,5.00
2026-04-01,ACHAT,TLT,iShares 20+ Year Treasury Bond,34,86.26,5.00
2026-04-01,ACHAT,ULVR.L,Unilever,49,4187.00,5.00
2026-04-01,ACHAT,UNH,UnitedHealth,22,273.98,5.21
2026-04-01,ACHAT,V,Visa,16,298.51,5.00
2026-04-01,DIVIDENDE,EMB,iShares J.P. Morgan USD Emerging Markets Bond,0,187.00,0.00
2026-04-01,DIVIDENDE,IEF,iShares 7-10 Year Treasury Bond,0,136.31,0.00
2026-04-01,DIVIDENDE,LQD,iShares iBoxx $ Investment Grade Corporate Bond,0,107.04,0.00
2026-04-01,DIVIDENDE,TLT,iShares 20+ Year Treasury Bond,0,99.01,0.00
2026-04-01,VENTE,4GLD.DE,Xetra-Gold (or physique),88,132.46,11.66
2026-04-01,VENTE,8306.T,Mitsubishi UFJ,161,2808.00,5.00
2026-04-01,VENTE,AI.PA,Air Liquide,10,163.64,5.00
2026-04-01,VENTE,ASML.AS,ASML,2,1187.60,5.00
2026-04-01,VENTE,BHP.AX,BHP,93,52.56,5.00
2026-04-01,VENTE,CAT,Caterpillar,8,730.32,5.05
2026-04-01,VENTE,CNQ.TO,Canadian Natural Resources,104,64.64,5.00
2026-04-01,VENTE,IBE.MC,Iberdrola,79,20.07,5.00
2026-04-01,VENTE,JNJ,Johnson & Johnson,29,244.12,6.12
2026-04-01,VENTE,LIN,Linde,7,493.83,5.00
2026-04-01,VENTE,TSM,Taiwan Semiconductor (ADR),9,341.49,5.00
2026-04-01,VENTE,TTE.PA,TotalEnergies,89,77.56,6.90
2026-04-01,VENTE,XOM,ExxonMobil,43,160.78,5.97
2026-04-06,DIVIDENDE,JPM,JPMorgan Chase,0,123.00,0.00
2026-04-20,DIVIDENDE,CAT,Caterpillar,0,54.36,0.00
2026-04-20,DIVIDENDE,NESN.SW,Nestlé,0,672.70,0.00
2026-04-23,DIVIDENDE,RY.TO,Royal Bank of Canada,0,132.84,0.00
2026-04-24,DIVIDENDE,ASML.AS,ASML,0,37.80,0.00
2026-04-24,DIVIDENDE,PG,Procter & Gamble,0,198.20,0.00
2026-04-28,DIVIDENDE,MC.PA,LVMH,0,247.50,0.00
2026-05-01,DIVIDENDE,EMB,iShares J.P. Morgan USD Emerging Markets Bond,0,168.51,0.00
2026-05-01,DIVIDENDE,IEF,iShares 7-10 Year Treasury Bond,0,134.16,0.00
2026-05-01,DIVIDENDE,LQD,iShares iBoxx $ Investment Grade Corporate Bond,0,102.00,0.00
2026-05-01,DIVIDENDE,TIP,iShares TIPS Bond,0,135.20,0.00
2026-05-01,DIVIDENDE,TLT,iShares 20+ Year Treasury Bond,0,101.12,0.00
2026-05-05,DIVIDENDE,SAN.PA,Sanofi,0,791.04,0.00
2026-05-06,DIVIDENDE,SAP.DE,SAP,0,267.50,0.00
2026-05-08,DIVIDENDE,ALV.DE,Allianz,0,718.20,0.00
2026-05-11,DIVIDENDE,AAPL,Apple,0,26.73,0.00
2026-05-11,DIVIDENDE,SU.PA,Schneider Electric,0,285.60,0.00
2026-05-12,DIVIDENDE,V,Visa,0,58.29,0.00
2026-05-14,DIVIDENDE,HSBA.L,HSBC,0,8528.99,0.00
2026-05-14,DIVIDENDE,ULVR.L,Unilever,0,13473.18,0.00
2026-05-15,DIVIDENDE,0700.HK,Tencent,0,1155.40,0.00
2026-05-15,DIVIDENDE,XOM,ExxonMobil,0,166.86,0.00
2026-05-18,DIVIDENDE,AI.PA,Air Liquide,0,329.64,0.00
2026-05-21,DIVIDENDE,IBE.MC,Iberdrola,0,3.98,0.00
2026-05-21,DIVIDENDE,MSFT,Microsoft,0,63.70,0.00
2026-05-26,DIVIDENDE,JNJ,Johnson & Johnson,0,143.38,0.00
2026-06-01,DIVIDENDE,EMB,iShares J.P. Morgan USD Emerging Markets Bond,0,167.28,0.00
2026-06-01,DIVIDENDE,IEF,iShares 7-10 Year Treasury Bond,0,136.31,0.00
2026-06-01,DIVIDENDE,LQD,iShares iBoxx $ Investment Grade Corporate Bond,0,99.12,0.00
2026-06-01,DIVIDENDE,TIP,iShares TIPS Bond,0,308.00,0.00
2026-06-01,DIVIDENDE,TLT,iShares 20+ Year Treasury Bond,0,107.86,0.00
2026-06-04,DIVIDENDE,LIN,Linde,0,84.80,0.00
2026-06-04,DIVIDENDE,NVDA,Nvidia,0,33.75,0.00
2026-06-05,DIVIDENDE,NEE,NextEra Energy,0,191.88,0.00
2026-06-08,DIVIDENDE,GOOGL,Alphabet,0,18.26,0.00
2026-06-10,DIVIDENDE,INFY,Infosys (ADR),0,405.08,0.00
2026-06-11,DIVIDENDE,TSM,Taiwan Semiconductor (ADR),0,58.26,0.00
2026-06-15,DIVIDENDE,KO,Coca-Cola,0,181.79,0.00
2026-06-15,DIVIDENDE,UNH,UnitedHealth,0,218.08,0.00
2026-06-16,DIVIDENDE,PLD,Prologis,0,215.07,0.00
2026-06-18,DIVIDENDE,EUNW.DE,iShares € High Yield Corp Bond,0,309.78,0.00
2026-06-23,DIVIDENDE,CNQ.TO,Canadian Natural Resources,0,186.88,0.00
2026-06-30,DIVIDENDE,TTE.PA,TotalEnergies,0,175.10,0.00
2026-07-01,ACHAT,0700.HK,Tencent,43,429.80,5.00
2026-07-01,ACHAT,4GLD.DE,Xetra-Gold (or physique),92,115.23,10.60
2026-07-01,ACHAT,7203.T,Toyota,229,2724.50,5.00
2026-07-01,ACHAT,CNQ.TO,Canadian Natural Resources,64,56.12,5.00
2026-07-01,ACHAT,IBCA.DE,iShares € Govt Bond 1-3 ans,47,141.34,6.64
2026-07-01,ACHAT,IBCI.DE,iShares € Inflation Linked Govt Bond,18,238.14,5.00
2026-07-01,ACHAT,INFY,Infosys (ADR),457,10.65,5.00
2026-07-01,ACHAT,SAN.PA,Sanofi,37,73.05,5.00
2026-07-01,ACHAT,SAP.DE,SAP,12,140.88,5.00
2026-07-01,ACHAT,TTE.PA,TotalEnergies,48,65.92,5.00
2026-07-01,ACHAT,XOM,ExxonMobil,35,136.28,5.00
2026-07-01,DIVIDENDE,EMB,iShares J.P. Morgan USD Emerging Markets Bond,0,164.40,0.00
2026-07-01,DIVIDENDE,IEF,iShares 7-10 Year Treasury Bond,0,133.73,0.00
2026-07-01,DIVIDENDE,LQD,iShares iBoxx $ Investment Grade Corporate Bond,0,91.68,0.00
2026-07-01,DIVIDENDE,TIP,iShares TIPS Bond,0,254.98,0.00
2026-07-01,DIVIDENDE,TLT,iShares 20+ Year Treasury Bond,0,102.08,0.00
2026-07-01,VENTE,6861.T,Keyence,8,81630.00,5.00
2026-07-01,VENTE,ASML.AS,ASML,3,1641.60,5.00
2026-07-01,VENTE,BHP.AX,BHP,35,59.92,5.00
2026-07-01,VENTE,CAT,Caterpillar,8,991.41,6.95
2026-07-01,VENTE,GOOGL,Alphabet,8,361.21,5.00
2026-07-01,VENTE,HSBA.L,HSBC,142,1440.40,5.00
2026-07-01,VENTE,RY.TO,Royal Bank of Canada,11,293.68,5.00
2026-07-01,VENTE,SU.PA,Schneider Electric,7,276.65,5.00
2026-07-01,VENTE,TSM,Taiwan Semiconductor (ADR),12,444.23,5.00
2026-07-01,VENTE,UNH,UnitedHealth,30,426.54,11.21
2026-07-01,VENTE,V,Visa,10,351.08,5.00
2026-07-06,DIVIDENDE,IBE.MC,Iberdrola,0,340.32,0.00
2026-07-06,DIVIDENDE,JPM,JPMorgan Chase,0,123.00,0.00
2026-07-16,DIVIDENDE,EUN5.DE,iShares Core € Corp Bond,0,1175.82,0.00
2026-07-16,DIVIDENDE,EUNH.DE,iShares Core € Govt Bond,0,1199.31,0.00
2026-07-20,DIVIDENDE,CAT,Caterpillar,0,45.64,0.00
2026-07-24,DIVIDENDE,PG,Procter & Gamble,0,198.20,0.00
2026-07-27,DIVIDENDE,ASML.AS,ASML,0,20.68,0.00
2026-07-27,DIVIDENDE,RY.TO,Royal Bank of Canada,0,123.20,0.00
2026-08-03,DIVIDENDE,EMB,iShares J.P. Morgan USD Emerging Markets Bond,0,170.15,0.00
2026-08-03,DIVIDENDE,IEF,iShares 7-10 Year Treasury Bond,0,136.74,0.00
2026-08-03,DIVIDENDE,LQD,iShares iBoxx $ Investment Grade Corporate Bond,0,109.92,0.00
2026-08-03,DIVIDENDE,TIP,iShares TIPS Bond,0,188.94,0.00
2026-08-03,DIVIDENDE,TLT,iShares 20+ Year Treasury Bond,0,105.93,0.00
2026-08-06,DIVIDENDE,AZN.L,AstraZeneca,0,8029.50,0.00
2026-08-06,DIVIDENDE,ULVR.L,Unilever,0,13260.06,0.00
2026-08-10,DIVIDENDE,AAPL,Apple,0,26.73,0.00
2026-08-11,DIVIDENDE,V,Visa,0,51.59,0.00
2026-08-13,DIVIDENDE,HSBA.L,HSBC,0,7435.64,0.00
2026-08-17,DIVIDENDE,XOM,ExxonMobil,0,202.91,0.00
2026-08-20,DIVIDENDE,MSFT,Microsoft,0,63.70,0.00
2026-08-25,DIVIDENDE,JNJ,Johnson & Johnson,0,143.38,0.00
2026-08-28,DIVIDENDE,NEE,NextEra Energy,0,191.88,0.00
2026-09-01,DIVIDENDE,EMB,iShares J.P. Morgan USD Emerging Markets Bond,0,170.15,0.00
2026-09-01,DIVIDENDE,IEF,iShares 7-10 Year Treasury Bond,0,142.76,0.00
2026-09-01,DIVIDENDE,LQD,iShares iBoxx $ Investment Grade Corporate Bond,0,106.56,0.00
2026-09-01,DIVIDENDE,TLT,iShares 20+ Year Treasury Bond,0,101.12,0.00
2026-09-03,DIVIDENDE,BHP.AX,BHP,0,478.82,0.00
2026-09-03,DIVIDENDE,LIN,Linde,0,84.80,0.00
2026-09-04,DIVIDENDE,GOOGL,Alphabet,0,16.50,0.00
2026-09-10,DIVIDENDE,NVDA,Nvidia,0,33.75,0.00
2026-09-11,DIVIDENDE,CNQ.TO,Canadian Natural Resources,0,226.88,0.00
2026-09-14,DIVIDENDE,UNH,UnitedHealth,0,148.48,0.00
2026-09-15,DIVIDENDE,KO,Coca-Cola,0,181.79,0.00
2026-09-16,DIVIDENDE,PLD,Prologis,0,215.07,0.00
2026-09-16,DIVIDENDE,TSM,Taiwan Semiconductor (ADR),0,54.24,0.00
2026-09-17,DIVIDENDE,6861.T,Keyence,0,10725.00,0.00
2026-09-17,DIVIDENDE,EUNW.DE,iShares € High Yield Corp Bond,0,320.88,0.00
2026-09-17,DIVIDENDE,IBCA.DE,iShares € Govt Bond 1-3 ans,0,552.88,0.00
